idna_subject,checker_type,destination,source,tested_at,session_id
01.blocktrail.com,AVAILABILITY,origin.list,origin.list,2022-04-07 05:16:48.613771,6c1b6671525ce33018ac5557
1inch.tokenview.com,AVAILABILITY,origin.list,origin.list,2022-04-07 05:16:57.942693,6c1b6671525ce33018ac5557
1safe.link,AVAILABILITY,origin.list,origin.list,2022-04-07 05:17:00.265802,6c1b6671525ce33018ac5557
02.blocktrail.com,AVAILABILITY,origin.list,origin.list,2022-04-07 05:17:07.161444,6c1b6671525ce33018ac5557
10xbitcoin.com,AVAILABILITY,origin.list,origin.list,2022-04-07 05:17:07.627714,6c1b6671525ce33018ac5557
0xbtc.blocktrail.com,AVAILABILITY,origin.list,origin.list,2022-04-07 05:17:08.069617,6c1b6671525ce33018ac5557
0-100pool.blocktrail.com,AVAILABILITY,origin.list,origin.list,2022-04-07 05:17:23.206915,6c1b6671525ce33018ac5557
11.blocktrail.com,AVAILABILITY,origin.list,origin.list,2022-04-07 05:17:28.203404,6c1b6671525ce33018ac5557
53.blocktrail.com,AVAILABILITY,origin.list,origin.list,2022-04-07 05:17:29.076998,6c1b6671525ce33018ac5557
12.blocktrail.com,AVAILABILITY,origin.list,origin.list,2022-04-07 05:17:33.639396,6c1b6671525ce33018ac5557
0134b94.ada.tokenview.com,AVAILABILITY,origin.list,origin.list,2022-04-07 05:17:33.883542,6c1b6671525ce33018ac5557
803mine.com,AVAILABILITY,origin.list,origin.list,2022-04-07 05:17:38.868207,6c1b6671525ce33018ac5557
1209.blocktrail.com,AVAILABILITY,origin.list,origin.list,2022-04-07 05:17:49.503831,6c1b6671525ce33018ac5557
1445.blocktrail.com,AVAILABILITY,origin.list,origin.list,2022-04-07 05:17:52.903642,6c1b6671525ce33018ac5557
154-49.blocktrail.com,AVAILABILITY,origin.list,origin.list,2022-04-07 05:17:55.286109,6c1b6671525ce33018ac5557
191.blocktrail.com,AVAILABILITY,origin.list,origin.list,2022-04-07 05:17:56.805378,6c1b6671525ce33018ac5557
a-ads.com,AVAILABILITY,origin.list,origin.list,2022-04-07 05:17:59.369349,6c1b6671525ce33018ac5557
154-102.blocktrail.com,AVAILABILITY,origin.list,origin.list,2022-04-07 05:18:01.992422,6c1b6671525ce33018ac5557
acceptable.a-ads.com,AVAILABILITY,origin.list,origin.list,2022-04-07 05:18:12.241173,6c1b6671525ce33018ac5557
academy.bithumb.com,AVAILABILITY,origin.list,origin.list,2022-04-07 05:18:15.846846,6c1b6671525ce33018ac5557
about.mycrypto.com,AVAILABILITY,origin.list,origin.list,2022-04-07 05:18:20.793137,6c1b6671525ce33018ac5557
ad.a-ads.com,AVAILABILITY,origin.list,origin.list,2022-04-07 05:18:28.186392,6c1b6671525ce33018ac5557
aave_eth.tokenview.com,AVAILABILITY,origin.list,origin.list,2022-04-07 05:18:28.463606,6c1b6671525ce33018ac5557
act.tokenview.com,AVAILABILITY,origin.list,origin.list,2022-04-07 05:18:28.714471,6c1b6671525ce33018ac5557
ada.tokenview.com,AVAILABILITY,origin.list,origin.list,2022-04-07 05:18:42.916694,6c1b6671525ce33018ac5557
adconity.com,AVAILABILITY,origin.list,origin.list,2022-04-07 05:18:43.198931,6c1b6671525ce33018ac5557
affiliates.coinmama.com,AVAILABILITY,origin.list,origin.list,2022-04-07 05:18:51.776565,6c1b6671525ce33018ac5557
adserver.blocktrail.com,AVAILABILITY,origin.list,origin.list,2022-04-07 05:18:51.863716,6c1b6671525ce33018ac5557
alpha3.blocktrail.com,AVAILABILITY,origin.list,origin.list,2022-04-07 05:18:55.258665,6c1b6671525ce33018ac5557
ae.tokenview.com,AVAILABILITY,origin.list,origin.list,2022-04-07 05:18:57.032417,6c1b6671525ce33018ac5557
aion.tokenview.com,AVAILABILITY,origin.list,origin.list,2022-04-07 05:19:08.948429,6c1b6671525ce33018ac5557
alpha.tokenview.com,AVAILABILITY,origin.list,origin.list,2022-04-07 05:19:14.518828,6c1b6671525ce33018ac5557
altsbit.com,AVAILABILITY,origin.list,origin.list,2022-04-07 05:19:16.059599,6c1b6671525ce33018ac5557
analytics.coinbase.com,AVAILABILITY,origin.list,origin.list,2022-04-07 05:19:17.981331,6c1b6671525ce33018ac5557
antminer-store.com,AVAILABILITY,origin.list,origin.list,2022-04-07 05:19:27.071114,6c1b6671525ce33018ac5557
antispam.blocktrail.com,AVAILABILITY,origin.list,origin.list,2022-04-07 05:19:31.969503,6c1b6671525ce33018ac5557
answers.blocktrail.com,AVAILABILITY,origin.list,origin.list,2022-04-07 05:19:34.880149,6c1b6671525ce33018ac5557
api2.jaxx.io,AVAILABILITY,origin.list,origin.list,2022-04-07 05:19:40.797584,6c1b6671525ce33018ac5557
api01.ledgerwallet.com,AVAILABILITY,origin.list,origin.list,2022-04-07 05:19:49.871646,6c1b6671525ce33018ac5557
api.bithumb.com,AVAILABILITY,origin.list,origin.list,2022-04-07 05:19:52.361318,6c1b6671525ce33018ac5557
api.binance.com,AVAILABILITY,origin.list,origin.list,2022-04-07 05:19:56.986791,6c1b6671525ce33018ac5557
api.bitfinex.com,AVAILABILITY,origin.list,origin.list,2022-04-07 05:19:59.383034,6c1b6671525ce33018ac5557
api02.ledgerwallet.com,AVAILABILITY,origin.list,origin.list,2022-04-07 05:20:00.562522,6c1b6671525ce33018ac5557
api.coinbase.com,AVAILABILITY,origin.list,origin.list,2022-04-07 05:20:12.929536,6c1b6671525ce33018ac5557
api.blocktrail.com,AVAILABILITY,origin.list,origin.list,2022-04-07 05:20:13.815898,6c1b6671525ce33018ac5557
api.btcturk.com,AVAILABILITY,origin.list,origin.list,2022-04-07 05:20:15.778377,6c1b6671525ce33018ac5557
api.coinmama.com,AVAILABILITY,origin.list,origin.list,2022-04-07 05:20:22.338706,6c1b6671525ce33018ac5557
api.commerce.coinbase.com,AVAILABILITY,origin.list,origin.list,2022-04-07 05:20:24.371801,6c1b6671525ce33018ac5557
api.inwemo.com,AVAILABILITY,origin.list,origin.list,2022-04-07 05:20:29.321864,6c1b6671525ce33018ac5557
api.exchange.coinbase.com,AVAILABILITY,origin.list,origin.list,2022-04-07 05:20:41.348358,6c1b6671525ce33018ac5557
api.custody.coinbase.com,AVAILABILITY,origin.list,origin.list,2022-04-07 05:20:42.711671,6c1b6671525ce33018ac5557
api.mymonero.com,AVAILABILITY,origin.list,origin.list,2022-04-07 05:20:43.712865,6c1b6671525ce33018ac5557
api.jaxx.io,AVAILABILITY,origin.list,origin.list,2022-04-07 05:20:48.244421,6c1b6671525ce33018ac5557
api.ledgerwallet.com,AVAILABILITY,origin.list,origin.list,2022-04-07 05:20:49.601863,6c1b6671525ce33018ac5557
api.prime.coinbase.com,AVAILABILITY,origin.list,origin.list,2022-04-07 05:21:05.315959,6c1b6671525ce33018ac5557
api.pro.coinbase.com,AVAILABILITY,origin.list,origin.list,2022-04-07 05:21:03.831788,6c1b6671525ce33018ac5557
apidocs.bithumb.com,AVAILABILITY,origin.list,origin.list,2022-04-07 05:21:12.140842,6c1b6671525ce33018ac5557
api.vinchain.io,AVAILABILITY,origin.list,origin.list,2022-04-07 05:21:13.415920,6c1b6671525ce33018ac5557
api.tokenview.com,AVAILABILITY,origin.list,origin.list,2022-04-07 05:21:15.361032,6c1b6671525ce33018ac5557
apidocs.m.bithumb.com,AVAILABILITY,origin.list,origin.list,2022-04-07 05:21:24.776537,6c1b6671525ce33018ac5557
api-public.sandbox.pro.coinbase.com,AVAILABILITY,origin.list,origin.list,2022-04-07 05:21:34.407819,6c1b6671525ce33018ac5557
app.analytics.coinbase.com,AVAILABILITY,origin.list,origin.list,2022-04-07 05:21:36.133779,6c1b6671525ce33018ac5557
app.vinchain.io,AVAILABILITY,origin.list,origin.list,2022-04-07 05:21:39.258161,6c1b6671525ce33018ac5557
app.bixin.im,AVAILABILITY,origin.list,origin.list,2022-04-07 05:21:43.629184,6c1b6671525ce33018ac5557
arweave.tokenview.com,AVAILABILITY,origin.list,origin.list,2022-04-07 05:21:57.623748,6c1b6671525ce33018ac5557
apps.ledgerwallet.com,AVAILABILITY,origin.list,origin.list,2022-04-07 05:21:55.565729,6c1b6671525ce33018ac5557
archive.blocktrail.com,AVAILABILITY,origin.list,origin.list,2022-04-07 05:21:59.645638,6c1b6671525ce33018ac5557
assets.coinbase.com,AVAILABILITY,origin.list,origin.list,2022-04-07 05:22:06.680276,6c1b6671525ce33018ac5557
assets.coinmama.com,AVAILABILITY,origin.list,origin.list,2022-04-07 05:22:10.340587,6c1b6671525ce33018ac5557
aur.tokenview.com,AVAILABILITY,origin.list,origin.list,2022-04-07 05:22:15.925435,6c1b6671525ce33018ac5557
auth.blocktrail.com,AVAILABILITY,origin.list,origin.list,2022-04-07 05:22:23.370945,6c1b6671525ce33018ac5557
atom.tokenview.com,AVAILABILITY,origin.list,origin.list,2022-04-07 05:22:27.552682,6c1b6671525ce33018ac5557
atomic_coin.tokenview.com,AVAILABILITY,origin.list,origin.list,2022-04-07 05:22:28.595802,6c1b6671525ce33018ac5557
authsmtp.blocktrail.com,AVAILABILITY,origin.list,origin.list,2022-04-07 05:22:36.531205,6c1b6671525ce33018ac5557
autoconfig.wiki.flo.cash,AVAILABILITY,origin.list,origin.list,2022-04-07 05:22:40.640186,6c1b6671525ce33018ac5557
autoconfig.chiadecentral.com,AVAILABILITY,origin.list,origin.list,2022-04-07 05:22:45.287067,6c1b6671525ce33018ac5557
autoconfig.flo.cash,AVAILABILITY,origin.list,origin.list,2022-04-07 05:22:48.986431,6c1b6671525ce33018ac5557
autodiscover.blocktrail.com,AVAILABILITY,origin.list,origin.list,2022-04-07 05:22:53.465556,6c1b6671525ce33018ac5557
autodiscover.cryptopia.co.nz,AVAILABILITY,origin.list,origin.list,2022-04-07 05:23:05.941295,6c1b6671525ce33018ac5557
awesomeminer.com,AVAILABILITY,origin.list,origin.list,2022-04-07 05:23:06.762677,6c1b6671525ce33018ac5557
autodiscover.chiadecentral.com,AVAILABILITY,origin.list,origin.list,2022-04-07 05:23:09.174275,6c1b6671525ce33018ac5557
autodiscover.flo.cash,AVAILABILITY,origin.list,origin.list,2022-04-07 05:23:12.499001,6c1b6671525ce33018ac5557
axe.tokenview.com,AVAILABILITY,origin.list,origin.list,2022-04-07 05:23:16.604971,6c1b6671525ce33018ac5557
barracuda.blocktrail.com,AVAILABILITY,origin.list,origin.list,2022-04-07 05:23:27.717124,6c1b6671525ce33018ac5557
bankstroch._domainkey.blocktrail.com,AVAILABILITY,origin.list,origin.list,2022-04-07 05:23:32.019384,6c1b6671525ce33018ac5557
bay.tokenview.com,AVAILABILITY,origin.list,origin.list,2022-04-07 05:23:50.515026,6c1b6671525ce33018ac5557
bat.tokenview.com,AVAILABILITY,origin.list,origin.list,2022-04-07 05:23:47.661710,6c1b6671525ce33018ac5557
bca.tokenview.com,AVAILABILITY,origin.list,origin.list,2022-04-07 05:23:51.141942,6c1b6671525ce33018ac5557
bcd.tokenview.com,AVAILABILITY,origin.list,origin.list,2022-04-07 05:23:54.490799,6c1b6671525ce33018ac5557
bcc.tokenview.com,AVAILABILITY,origin.list,origin.list,2022-04-07 05:24:04.335420,6c1b6671525ce33018ac5557
bch.tokenview.com,AVAILABILITY,origin.list,origin.list,2022-04-07 05:24:16.606384,6c1b6671525ce33018ac5557
bch-insight.bitpay.com,AVAILABILITY,origin.list,origin.list,2022-04-07 05:24:16.845767,6c1b6671525ce33018ac5557
bchsv.tokenview.com,AVAILABILITY,origin.list,origin.list,2022-04-07 05:24:16.463392,6c1b6671525ce33018ac5557
bci.tokenview.com,AVAILABILITY,origin.list,origin.list,2022-04-07 05:24:28.546220,6c1b6671525ce33018ac5557
bcn.tokenview.com,AVAILABILITY,origin.list,origin.list,2022-04-07 05:24:39.255463,6c1b6671525ce33018ac5557
be.rosebird.org,AVAILABILITY,origin.list,origin.list,2022-04-07 05:24:43.389853,6c1b6671525ce33018ac5557
beam.tokenview.com,AVAILABILITY,origin.list,origin.list,2022-04-07 05:24:47.791461,6c1b6671525ce33018ac5557
beta.blocktrail.com,AVAILABILITY,origin.list,origin.list,2022-04-07 05:24:57.148204,6c1b6671525ce33018ac5557
belotto.tokenview.com,AVAILABILITY,origin.list,origin.list,2022-04-07 05:24:51.720717,6c1b6671525ce33018ac5557
beta.coinbase.com,AVAILABILITY,origin.list,origin.list,2022-04-07 05:25:03.853889,6c1b6671525ce33018ac5557
beta.mycrypto.com,AVAILABILITY,origin.list,origin.list,2022-04-07 05:25:09.241617,6c1b6671525ce33018ac5557
bfgminer.org,AVAILABILITY,origin.list,origin.list,2022-04-07 05:25:14.668642,6c1b6671525ce33018ac5557
beta-api.blocktrail.com,AVAILABILITY,origin.list,origin.list,2022-04-07 05:25:15.545908,6c1b6671525ce33018ac5557
beta-wallet.trezor.io,AVAILABILITY,origin.list,origin.list,2022-04-07 05:25:20.329421,6c1b6671525ce33018ac5557
bhd.tokenview.com,AVAILABILITY,origin.list,origin.list,2022-04-07 05:25:31.889998,6c1b6671525ce33018ac5557
binance.com,AVAILABILITY,origin.list,origin.list,2022-04-07 05:25:34.339216,6c1b6671525ce33018ac5557
binance_coin.tokenview.com,AVAILABILITY,origin.list,origin.list,2022-04-07 05:25:40.020142,6c1b6671525ce33018ac5557
bit.cur.lv,AVAILABILITY,origin.list,origin.list,2022-04-07 05:25:40.284279,6c1b6671525ce33018ac5557
binance.tokenview.com,AVAILABILITY,origin.list,origin.list,2022-04-07 05:25:46.057514,6c1b6671525ce33018ac5557
bitcoin.tokenview.com,AVAILABILITY,origin.list,origin.list,2022-04-07 05:25:59.894289,6c1b6671525ce33018ac5557
bitcoin.org,AVAILABILITY,origin.list,origin.list,2022-04-07 05:25:55.985491,6c1b6671525ce33018ac5557
bithumb.com,AVAILABILITY,origin.list,origin.list,2022-04-07 05:26:07.556453,6c1b6671525ce33018ac5557
bitfinex.com,AVAILABILITY,origin.list,origin.list,2022-04-07 05:26:05.548806,6c1b6671525ce33018ac5557
bitcoinminers.eu,AVAILABILITY,origin.list,origin.list,2022-04-07 05:26:08.109648,6c1b6671525ce33018ac5557
bitmaintech.com,AVAILABILITY,origin.list,origin.list,2022-04-07 05:26:23.694036,6c1b6671525ce33018ac5557
bitmain.com,AVAILABILITY,origin.list,origin.list,2022-04-07 05:26:24.442446,6c1b6671525ce33018ac5557
bitpay.com,AVAILABILITY,origin.list,origin.list,2022-04-07 05:26:30.435132,6c1b6671525ce33018ac5557
bixin.im,AVAILABILITY,origin.list,origin.list,2022-04-07 05:26:36.224319,6c1b6671525ce33018ac5557
blictslir._domainkey.blocktrail.com,AVAILABILITY,origin.list,origin.list,2022-04-07 05:26:42.933437,6c1b6671525ce33018ac5557
biz.blocktrail.com,AVAILABILITY,origin.list,origin.list,2022-04-07 05:26:46.308351,6c1b6671525ce33018ac5557
bittorrentt.tokenview.com,AVAILABILITY,origin.list,origin.list,2022-04-07 05:26:52.725875,6c1b6671525ce33018ac5557
blk.tokenview.com,AVAILABILITY,origin.list,origin.list,2022-04-07 05:27:01.321626,6c1b6671525ce33018ac5557
block.tokenview.com,AVAILABILITY,origin.list,origin.list,2022-04-07 05:27:01.853756,6c1b6671525ce33018ac5557
blockchain.tokenview.com,AVAILABILITY,origin.list,origin.list,2022-04-07 05:27:10.881717,6c1b6671525ce33018ac5557
blocked.mymonero.com,AVAILABILITY,origin.list,origin.list,2022-04-07 05:27:17.326149,6c1b6671525ce33018ac5557
blockexplorer.vinchain.io,AVAILABILITY,origin.list,origin.list,2022-04-07 05:27:17.876050,6c1b6671525ce33018ac5557
blocktrail.com,AVAILABILITY,origin.list,origin.list,2022-04-07 05:27:28.548162,6c1b6671525ce33018ac5557
blockstack.tokenview.com,AVAILABILITY,origin.list,origin.list,2022-04-07 05:27:29.156479,6c1b6671525ce33018ac5557
blog.bitpay.com,AVAILABILITY,origin.list,origin.list,2022-04-07 05:27:33.058928,6c1b6671525ce33018ac5557
blog.blocktrail.com,AVAILABILITY,origin.list,origin.list,2022-04-07 05:27:38.140004,6c1b6671525ce33018ac5557
blog.coinbase.com,AVAILABILITY,origin.list,origin.list,2022-04-07 05:27:40.756080,6c1b6671525ce33018ac5557
blue.blocktrail.com,AVAILABILITY,origin.list,origin.list,2022-04-07 05:27:47.178432,6c1b6671525ce33018ac5557
blog.tokenview.com,AVAILABILITY,origin.list,origin.list,2022-04-07 05:27:54.117236,6c1b6671525ce33018ac5557
bnb.tokenview.com,AVAILABILITY,origin.list,origin.list,2022-04-07 05:27:56.079849,6c1b6671525ce33018ac5557
box.blocktrail.com,AVAILABILITY,origin.list,origin.list,2022-04-07 05:28:02.829319,6c1b6671525ce33018ac5557
bsv.tokenview.com,AVAILABILITY,origin.list,origin.list,2022-04-07 05:28:06.711523,6c1b6671525ce33018ac5557
bsv-recovery-proxy.blocktrail.com,AVAILABILITY,origin.list,origin.list,2022-04-07 05:28:09.444894,6c1b6671525ce33018ac5557
bt.tokenview.com,AVAILABILITY,origin.list,origin.list,2022-04-07 05:28:17.934427,6c1b6671525ce33018ac5557
btc.tokenview.com,AVAILABILITY,origin.list,origin.list,2022-04-07 05:28:26.858200,6c1b6671525ce33018ac5557
btc2.tokenview.com,AVAILABILITY,origin.list,origin.list,2022-04-07 05:28:28.849497,6c1b6671525ce33018ac5557
btc-alpha.com,AVAILABILITY,origin.list,origin.list,2022-04-07 05:28:33.226350,6c1b6671525ce33018ac5557
btcp.tokenview.com,AVAILABILITY,origin.list,origin.list,2022-04-07 05:28:36.162042,6c1b6671525ce33018ac5557
btc-smtp.bithumb.com,AVAILABILITY,origin.list,origin.list,2022-04-07 05:28:40.808385,6c1b6671525ce33018ac5557
btcturk.com,AVAILABILITY,origin.list,origin.list,2022-04-07 05:28:50.023399,6c1b6671525ce33018ac5557
btcz.tokenview.com,AVAILABILITY,origin.list,origin.list,2022-04-07 05:28:53.717918,6c1b6671525ce33018ac5557
btg.tokenview.com,AVAILABILITY,origin.list,origin.list,2022-04-07 05:28:57.591766,6c1b6671525ce33018ac5557
btf.tokenview.com,AVAILABILITY,origin.list,origin.list,2022-04-07 05:29:00.470118,6c1b6671525ce33018ac5557
btm.tokenview.com,AVAILABILITY,origin.list,origin.list,2022-04-07 05:29:04.687375,6c1b6671525ce33018ac5557
btp.tokenview.com,AVAILABILITY,origin.list,origin.list,2022-04-07 05:29:19.654365,6c1b6671525ce33018ac5557
bts.tokenview.com,AVAILABILITY,origin.list,origin.list,2022-04-07 05:29:22.571286,6c1b6671525ce33018ac5557
buddy.rosebird.org,AVAILABILITY,origin.list,origin.list,2022-04-07 05:29:24.533233,6c1b6671525ce33018ac5557
btx.tokenview.com,AVAILABILITY,origin.list,origin.list,2022-04-07 05:29:23.083404,6c1b6671525ce33018ac5557
bulletins.blocktrail.com,AVAILABILITY,origin.list,origin.list,2022-04-07 05:29:26.826302,6c1b6671525ce33018ac5557
burstpay.io,AVAILABILITY,origin.list,origin.list,2022-04-07 05:29:43.703227,6c1b6671525ce33018ac5557
buy.coinbase.com,AVAILABILITY,origin.list,origin.list,2022-04-07 05:29:47.331287,6c1b6671525ce33018ac5557
buy.mycrypto.com,AVAILABILITY,origin.list,origin.list,2022-04-07 05:29:48.485697,6c1b6671525ce33018ac5557
bws.bitpay.com,AVAILABILITY,origin.list,origin.list,2022-04-07 05:29:50.263330,6c1b6671525ce33018ac5557
by.blocktrail.com,AVAILABILITY,origin.list,origin.list,2022-04-07 05:29:53.004403,6c1b6671525ce33018ac5557
cdn2.inwemo.com,AVAILABILITY,origin.list,origin.list,2022-04-07 05:30:10.651984,6c1b6671525ce33018ac5557
casino.rosebird.org,AVAILABILITY,origin.list,origin.list,2022-04-07 05:30:13.110700,6c1b6671525ce33018ac5557
careers.coinbase.com,AVAILABILITY,origin.list,origin.list,2022-04-07 05:30:13.410388,6c1b6671525ce33018ac5557
cann.tokenview.com,AVAILABILITY,origin.list,origin.list,2022-04-07 05:30:13.391052,6c1b6671525ce33018ac5557
card.coinbase.com,AVAILABILITY,origin.list,origin.list,2022-04-07 05:30:15.243214,6c1b6671525ce33018ac5557
certification.bithumb.com,AVAILABILITY,origin.list,origin.list,2022-04-07 05:30:27.506540,6c1b6671525ce33018ac5557
cdn.inwemo.com,AVAILABILITY,origin.list,origin.list,2022-04-07 05:30:28.367942,6c1b6671525ce33018ac5557
cex.io,AVAILABILITY,origin.list,origin.list,2022-04-07 05:30:27.759620,6c1b6671525ce33018ac5557
charity.paccoin.net,AVAILABILITY,origin.list,origin.list,2022-04-07 05:30:41.588244,6c1b6671525ce33018ac5557
chainlink.tokenview.com,AVAILABILITY,origin.list,origin.list,2022-04-07 05:30:42.917250,6c1b6671525ce33018ac5557
chainradar.com,AVAILABILITY,origin.list,origin.list,2022-04-07 05:30:50.401264,6c1b6671525ce33018ac5557
changelly.com,AVAILABILITY,origin.list,origin.list,2022-04-07 05:30:44.527978,6c1b6671525ce33018ac5557
chat2.binance.com,AVAILABILITY,origin.list,origin.list,2022-04-07 05:30:50.488904,6c1b6671525ce33018ac5557
chat.binance.com,AVAILABILITY,origin.list,origin.list,2022-04-07 05:31:07.441526,6c1b6671525ce33018ac5557
chd-origin-history-1.blocktrail.com,AVAILABILITY,origin.list,origin.list,2022-04-07 05:31:06.781066,6c1b6671525ce33018ac5557
chat.simplemining.net,AVAILABILITY,origin.list,origin.list,2022-04-07 05:31:13.956869,6c1b6671525ce33018ac5557
checkout.hashgains.com,AVAILABILITY,origin.list,origin.list,2022-04-07 05:31:15.818107,6c1b6671525ce33018ac5557
chef.a-ads.com,AVAILABILITY,origin.list,origin.list,2022-04-07 05:31:22.470933,6c1b6671525ce33018ac5557
chiacalculator.com,AVAILABILITY,origin.list,origin.list,2022-04-07 05:31:32.919092,6c1b6671525ce33018ac5557
chiaxch.net,AVAILABILITY,origin.list,origin.list,2022-04-07 05:31:36.455337,6c1b6671525ce33018ac5557
chiadecentral.com,AVAILABILITY,origin.list,origin.list,2022-04-07 05:31:38.428428,6c1b6671525ce33018ac5557
chogjemp._domainkey.blocktrail.com,AVAILABILITY,origin.list,origin.list,2022-04-07 05:31:41.854324,6c1b6671525ce33018ac5557
click.a-ads.com,AVAILABILITY,origin.list,origin.list,2022-04-07 05:31:49.065085,6c1b6671525ce33018ac5557
clam.tokenview.com,AVAILABILITY,origin.list,origin.list,2022-04-07 05:31:52.565942,6c1b6671525ce33018ac5557
ckb.tokenview.com,AVAILABILITY,origin.list,origin.list,2022-04-07 05:31:58.606747,6c1b6671525ce33018ac5557
chris.blocktrail.com,AVAILABILITY,origin.list,origin.list,2022-04-07 05:31:58.720357,6c1b6671525ce33018ac5557
cloud.awesomeminer.com,AVAILABILITY,origin.list,origin.list,2022-04-07 05:32:03.809184,6c1b6671525ce33018ac5557
cn.bithumb.com,AVAILABILITY,origin.list,origin.list,2022-04-07 05:32:14.357955,6c1b6671525ce33018ac5557
cloudflare-resolve-to.rbminer.net,AVAILABILITY,origin.list,origin.list,2022-04-07 05:32:13.323099,6c1b6671525ce33018ac5557
cn.m.bithumb.com,AVAILABILITY,origin.list,origin.list,2022-04-07 05:32:25.146041,6c1b6671525ce33018ac5557
coinad.com,AVAILABILITY,origin.list,origin.list,2022-04-07 05:32:27.934958,6c1b6671525ce33018ac5557
cnx.tokenview.com,AVAILABILITY,origin.list,origin.list,2022-04-07 05:32:27.408973,6c1b6671525ce33018ac5557
co.blocktrail.com,AVAILABILITY,origin.list,origin.list,2022-04-07 05:32:28.186507,6c1b6671525ce33018ac5557
coin.rosebird.org,AVAILABILITY,origin.list,origin.list,2022-04-07 05:32:30.155185,6c1b6671525ce33018ac5557
coinadnet.com,AVAILABILITY,origin.list,origin.list,2022-04-07 05:32:51.341465,6c1b6671525ce33018ac5557
coincube.io,AVAILABILITY,origin.list,origin.list,2022-04-07 05:32:52.092918,6c1b6671525ce33018ac5557
coinbase.com,AVAILABILITY,origin.list,origin.list,2022-04-07 05:32:52.236867,6c1b6671525ce33018ac5557
coinmama.com,AVAILABILITY,origin.list,origin.list,2022-04-07 05:32:53.812751,6c1b6671525ce33018ac5557
coinmarketcap.com,AVAILABILITY,origin.list,origin.list,2022-04-07 05:32:56.509881,6c1b6671525ce33018ac5557
coinzilla.io,AVAILABILITY,origin.list,origin.list,2022-04-07 05:32:58.580266,6c1b6671525ce33018ac5557
cointraffic.io,AVAILABILITY,origin.list,origin.list,2022-04-07 05:33:13.044849,6c1b6671525ce33018ac5557
coinminerz.com,AVAILABILITY,origin.list,origin.list,2022-04-07 05:33:12.996799,6c1b6671525ce33018ac5557
com.blocktrail.com,AVAILABILITY,origin.list,origin.list,2022-04-07 05:33:18.403576,6c1b6671525ce33018ac5557
colx.tokenview.com,AVAILABILITY,origin.list,origin.list,2022-04-07 05:33:18.850306,6c1b6671525ce33018ac5557
comm.coinbase.com,AVAILABILITY,origin.list,origin.list,2022-04-07 05:33:19.882570,6c1b6671525ce33018ac5557
community.coinbase.com,AVAILABILITY,origin.list,origin.list,2022-04-07 05:33:24.506134,6c1b6671525ce33018ac5557
commerce.coinbase.com,AVAILABILITY,origin.list,origin.list,2022-04-07 05:33:31.906866,6c1b6671525ce33018ac5557
connect.trezor.io,AVAILABILITY,origin.list,origin.list,2022-04-07 05:33:34.083968,6c1b6671525ce33018ac5557
comune.blocktrail.com,AVAILABILITY,origin.list,origin.list,2022-04-07 05:33:37.635789,6c1b6671525ce33018ac5557
correo.blocktrail.com,AVAILABILITY,origin.list,origin.list,2022-04-07 05:33:38.829373,6c1b6671525ce33018ac5557
cosigner.electrum.org,AVAILABILITY,origin.list,origin.list,2022-04-07 05:33:42.431436,6c1b6671525ce33018ac5557
cpanel.burstpay.io,AVAILABILITY,origin.list,origin.list,2022-04-07 05:33:51.517707,6c1b6671525ce33018ac5557
cpanel.chiadecentral.com,AVAILABILITY,origin.list,origin.list,2022-04-07 05:33:51.935069,6c1b6671525ce33018ac5557
cpcalendars.chiadecentral.com,AVAILABILITY,origin.list,origin.list,2022-04-07 05:33:56.282065,6c1b6671525ce33018ac5557
cpanel.flo.cash,AVAILABILITY,origin.list,origin.list,2022-04-07 05:33:59.153857,6c1b6671525ce33018ac5557
cpanel.gameofbitcoins.com,AVAILABILITY,origin.list,origin.list,2022-04-07 05:34:00.536834,6c1b6671525ce33018ac5557
cpcontacts.chiadecentral.com,AVAILABILITY,origin.list,origin.list,2022-04-07 05:34:12.961650,6c1b6671525ce33018ac5557
crenkfan._domainkey.blocktrail.com,AVAILABILITY,origin.list,origin.list,2022-04-07 05:34:13.877881,6c1b6671525ce33018ac5557
cpcalendars.flo.cash,AVAILABILITY,origin.list,origin.list,2022-04-07 05:34:14.091535,6c1b6671525ce33018ac5557
cpcontacts.flo.cash,AVAILABILITY,origin.list,origin.list,2022-04-07 05:34:19.349859,6c1b6671525ce33018ac5557
cr.blocktrail.com,AVAILABILITY,origin.list,origin.list,2022-04-07 05:34:20.590799,6c1b6671525ce33018ac5557
crw.tokenview.com,AVAILABILITY,origin.list,origin.list,2022-04-07 05:34:31.065987,6c1b6671525ce33018ac5557
cryptoguiminer.com,AVAILABILITY,origin.list,origin.list,2022-04-07 05:34:34.905032,6c1b6671525ce33018ac5557
crosswir._domainkey.blocktrail.com,AVAILABILITY,origin.list,origin.list,2022-04-07 05:34:35.148279,6c1b6671525ce33018ac5557
cryptonaut.org,AVAILABILITY,origin.list,origin.list,2022-04-07 05:34:35.507117,6c1b6671525ce33018ac5557
crv.tokenview.com,AVAILABILITY,origin.list,origin.list,2022-04-07 05:34:39.315247,6c1b6671525ce33018ac5557
cryptonotemining.org,AVAILABILITY,origin.list,origin.list,2022-04-07 05:34:45.870031,6c1b6671525ce33018ac5557
cur.lv,AVAILABILITY,origin.list,origin.list,2022-04-07 05:34:49.250870,6c1b6671525ce33018ac5557
cust1.blocktrail.com,AVAILABILITY,origin.list,origin.list,2022-04-07 05:34:54.623818,6c1b6671525ce33018ac5557
cs.blocktrail.com,AVAILABILITY,origin.list,origin.list,2022-04-07 05:34:58.253361,6c1b6671525ce33018ac5557
cryptopia.co.nz,AVAILABILITY,origin.list,origin.list,2022-04-07 05:35:01.323832,6c1b6671525ce33018ac5557
custody.coinbase.com,AVAILABILITY,origin.list,origin.list,2022-04-07 05:35:10.847420,6c1b6671525ce33018ac5557
dashboard.inwemo.com,AVAILABILITY,origin.list,origin.list,2022-04-07 05:35:13.311165,6c1b6671525ce33018ac5557
dash.tokenview.com,AVAILABILITY,origin.list,origin.list,2022-04-07 05:35:22.588673,6c1b6671525ce33018ac5557
dc-69ad656f88bf.burstpay.io,AVAILABILITY,origin.list,origin.list,2022-04-07 05:35:24.423353,6c1b6671525ce33018ac5557
dappstore.tokenview.com,AVAILABILITY,origin.list,origin.list,2022-04-07 05:35:19.443296,6c1b6671525ce33018ac5557
dcpan.blocktrail.com,AVAILABILITY,origin.list,origin.list,2022-04-07 05:35:35.112220,6c1b6671525ce33018ac5557
de.blocktrail.com,AVAILABILITY,origin.list,origin.list,2022-04-07 05:35:42.693046,6c1b6671525ce33018ac5557
destek.btcturk.com,AVAILABILITY,origin.list,origin.list,2022-04-07 05:35:49.591561,6c1b6671525ce33018ac5557
dcr.tokenview.com,AVAILABILITY,origin.list,origin.list,2022-04-07 05:35:49.976777,6c1b6671525ce33018ac5557
dell.blocktrail.com,AVAILABILITY,origin.list,origin.list,2022-04-07 05:35:51.305358,6c1b6671525ce33018ac5557
dev.bitpay.com,AVAILABILITY,origin.list,origin.list,2022-04-07 05:35:58.272797,6c1b6671525ce33018ac5557
dev.coinbase.com,AVAILABILITY,origin.list,origin.list,2022-04-07 05:36:06.551379,6c1b6671525ce33018ac5557
dev.cointraffic.io,AVAILABILITY,origin.list,origin.list,2022-04-07 05:36:13.422384,6c1b6671525ce33018ac5557
dev.quadrigacx.com,AVAILABILITY,origin.list,origin.list,2022-04-07 05:36:16.894521,6c1b6671525ce33018ac5557
dev.blocktrail.com,AVAILABILITY,origin.list,origin.list,2022-04-07 05:36:18.219302,6c1b6671525ce33018ac5557
dev.simplemining.net,AVAILABILITY,origin.list,origin.list,2022-04-07 05:36:22.342578,6c1b6671525ce33018ac5557
dev.vinchain.io,AVAILABILITY,origin.list,origin.list,2022-04-07 05:36:31.401253,6c1b6671525ce33018ac5557
devapp.vinchain.io,AVAILABILITY,origin.list,origin.list,2022-04-07 05:36:35.062835,6c1b6671525ce33018ac5557
developers.coinbase.com,AVAILABILITY,origin.list,origin.list,2022-04-07 05:36:36.798935,6c1b6671525ce33018ac5557
developer.coinbase.com,AVAILABILITY,origin.list,origin.list,2022-04-07 05:36:38.464476,6c1b6671525ce33018ac5557
devilhost.blocktrail.com,AVAILABILITY,origin.list,origin.list,2022-04-07 05:38:08.186951,6c1b6671525ce33018ac5557
developer.tokenview.com,AVAILABILITY,origin.list,origin.list,2022-04-07 05:38:08.987892,6c1b6671525ce33018ac5557
dgb.tokenview.com,AVAILABILITY,origin.list,origin.list,2022-04-07 05:38:09.474922,6c1b6671525ce33018ac5557
dingsponk._domainkey.blocktrail.com,AVAILABILITY,origin.list,origin.list,2022-04-07 05:38:10.618649,6c1b6671525ce33018ac5557
direct.blocktrail.com,AVAILABILITY,origin.list,origin.list,2022-04-07 05:38:15.318653,6c1b6671525ce33018ac5557
dl.bixin.im,AVAILABILITY,origin.list,origin.list,2022-04-07 05:38:25.298275,6c1b6671525ce33018ac5557
dns3.blocktrail.com,AVAILABILITY,origin.list,origin.list,2022-04-07 05:38:26.045176,6c1b6671525ce33018ac5557
dmd.tokenview.com,AVAILABILITY,origin.list,origin.list,2022-04-07 05:38:27.435246,6c1b6671525ce33018ac5557
docs.bitfinex.com,AVAILABILITY,origin.list,origin.list,2022-04-07 05:38:30.392425,6c1b6671525ce33018ac5557
dns.blocktrail.com,AVAILABILITY,origin.list,origin.list,2022-04-07 05:38:31.215205,6c1b6671525ce33018ac5557
docs.exchange.coinbase.com,AVAILABILITY,origin.list,origin.list,2022-04-07 05:38:42.067605,6c1b6671525ce33018ac5557
docs.chiadecentral.com,AVAILABILITY,origin.list,origin.list,2022-04-07 05:38:46.833462,6c1b6671525ce33018ac5557
docs.electrum.org,AVAILABILITY,origin.list,origin.list,2022-04-07 05:38:48.765999,6c1b6671525ce33018ac5557
docs.prime.coinbase.com,AVAILABILITY,origin.list,origin.list,2022-04-07 05:38:49.320304,6c1b6671525ce33018ac5557
docs.custody.coinbase.com,AVAILABILITY,origin.list,origin.list,2022-04-07 05:38:58.435445,6c1b6671525ce33018ac5557
docs.pro.coinbase.com,AVAILABILITY,origin.list,origin.list,2022-04-07 05:39:01.112124,6c1b6671525ce33018ac5557
doge.tokenview.com,AVAILABILITY,origin.list,origin.list,2022-04-07 05:39:08.524330,6c1b6671525ce33018ac5557
_domainkey.blocktrail.com,AVAILABILITY,origin.list,origin.list,2022-04-07 05:39:10.433106,6c1b6671525ce33018ac5557
download.electrum.org,AVAILABILITY,origin.list,origin.list,2022-04-07 05:39:19.329164,6c1b6671525ce33018ac5557
download.emercoin.com,AVAILABILITY,origin.list,origin.list,2022-04-07 05:39:22.890011,6c1b6671525ce33018ac5557
dogeminer.cc,AVAILABILITY,origin.list,origin.list,2022-04-07 05:39:23.204223,6c1b6671525ce33018ac5557
download.simplemining.net,AVAILABILITY,origin.list,origin.list,2022-04-07 05:39:24.290306,6c1b6671525ce33018ac5557
download.mycrypto.com,AVAILABILITY,origin.list,origin.list,2022-04-07 05:39:26.628353,6c1b6671525ce33018ac5557
dusktir._domainkey.blocktrail.com,AVAILABILITY,origin.list,origin.list,2022-04-07 05:39:36.622263,6c1b6671525ce33018ac5557
dynamic-assets.coinbase.com,AVAILABILITY,origin.list,origin.list,2022-04-07 05:39:46.117884,6c1b6671525ce33018ac5557
dxchain_token.tokenview.com,AVAILABILITY,origin.list,origin.list,2022-04-07 05:39:46.776778,6c1b6671525ce33018ac5557
easypc.io,AVAILABILITY,origin.list,origin.list,2022-04-07 05:39:47.302782,6c1b6671525ce33018ac5557
eif.tokenview.com,AVAILABILITY,origin.list,origin.list,2022-04-07 05:39:50.451877,6c1b6671525ce33018ac5557
elderhash.com,AVAILABILITY,origin.list,origin.list,2022-04-07 05:39:58.791231,6c1b6671525ce33018ac5557
email-134.blocktrail.com,AVAILABILITY,origin.list,origin.list,2022-04-07 05:40:00.007036,6c1b6671525ce33018ac5557
electrum.org,AVAILABILITY,origin.list,origin.list,2022-04-07 05:40:06.658407,6c1b6671525ce33018ac5557
em.tokenview.com,AVAILABILITY,origin.list,origin.list,2022-04-07 05:40:07.562612,6c1b6671525ce33018ac5557
em.bitpay.com,AVAILABILITY,origin.list,origin.list,2022-04-07 05:40:09.757585,6c1b6671525ce33018ac5557
email.blocktrail.com,AVAILABILITY,origin.list,origin.list,2022-04-07 05:40:10.989726,6c1b6671525ce33018ac5557
email.bitpay.com,AVAILABILITY,origin.list,origin.list,2022-04-07 05:40:20.596759,6c1b6671525ce33018ac5557
emails.coinbase.com,AVAILABILITY,origin.list,origin.list,2022-04-07 05:40:23.646961,6c1b6671525ce33018ac5557
emercoin.com,AVAILABILITY,origin.list,origin.list,2022-04-07 05:40:27.735875,6c1b6671525ce33018ac5557
emc.tokenview.com,AVAILABILITY,origin.list,origin.list,2022-04-07 05:40:27.998922,6c1b6671525ce33018ac5557
emc2.tokenview.com,AVAILABILITY,origin.list,origin.list,2022-04-07 05:40:33.311477,6c1b6671525ce33018ac5557
eml.blocktrail.com,AVAILABILITY,origin.list,origin.list,2022-04-07 05:40:41.207960,6c1b6671525ce33018ac5557
ems01.bithumb.com,AVAILABILITY,origin.list,origin.list,2022-04-07 05:40:52.002094,6c1b6671525ce33018ac5557
ems03.bithumb.com,AVAILABILITY,origin.list,origin.list,2022-04-07 05:40:55.148160,6c1b6671525ce33018ac5557
ems02.bithumb.com,AVAILABILITY,origin.list,origin.list,2022-04-07 05:40:55.520301,6c1b6671525ce33018ac5557
ems05.bithumb.com,AVAILABILITY,origin.list,origin.list,2022-04-07 05:41:01.035232,6c1b6671525ce33018ac5557
ems04.bithumb.com,AVAILABILITY,origin.list,origin.list,2022-04-07 05:41:01.988567,6c1b6671525ce33018ac5557
engineering.coinbase.com,AVAILABILITY,origin.list,origin.list,2022-04-07 05:41:11.348144,6c1b6671525ce33018ac5557
en.bithumb.com,AVAILABILITY,origin.list,origin.list,2022-04-07 05:41:15.269529,6c1b6671525ce33018ac5557
en.m.bithumb.com,AVAILABILITY,origin.list,origin.list,2022-04-07 05:41:20.501886,6c1b6671525ce33018ac5557
emstrk.bithumb.com,AVAILABILITY,origin.list,origin.list,2022-04-07 05:41:23.842563,6c1b6671525ce33018ac5557
ems06.bithumb.com,AVAILABILITY,origin.list,origin.list,2022-04-07 05:41:24.006752,6c1b6671525ce33018ac5557
enterprise.blocktrail.com,AVAILABILITY,origin.list,origin.list,2022-04-07 05:41:28.813367,6c1b6671525ce33018ac5557
eos.tokenview.com,AVAILABILITY,origin.list,origin.list,2022-04-07 05:41:31.255576,6c1b6671525ce33018ac5557
epic-ticker.tech,AVAILABILITY,origin.list,origin.list,2022-04-07 05:41:41.813603,6c1b6671525ce33018ac5557
es.bithumb.com,AVAILABILITY,origin.list,origin.list,2022-04-07 05:41:46.911637,6c1b6671525ce33018ac5557
es.m.bithumb.com,AVAILABILITY,origin.list,origin.list,2022-04-07 05:41:48.290833,6c1b6671525ce33018ac5557
esbc.bithumb.com,AVAILABILITY,origin.list,origin.list,2022-04-07 05:41:57.691750,6c1b6671525ce33018ac5557
ether.cards,AVAILABILITY,origin.list,origin.list,2022-04-07 05:42:02.236377,6c1b6671525ce33018ac5557
etc.tokenview.com,AVAILABILITY,origin.list,origin.list,2022-04-07 05:42:06.052459,6c1b6671525ce33018ac5557
eth.tokenview.com,AVAILABILITY,origin.list,origin.list,2022-04-07 05:42:08.443868,6c1b6671525ce33018ac5557
ethoca.coinbase.com,AVAILABILITY,origin.list,origin.list,2022-04-07 05:42:10.714986,6c1b6671525ce33018ac5557
evergreencoin.org,AVAILABILITY,origin.list,origin.list,2022-04-07 05:42:16.876284,6c1b6671525ce33018ac5557
events-service.coinbase.com,AVAILABILITY,origin.list,origin.list,2022-04-07 05:42:22.052448,6c1b6671525ce33018ac5557
everything.blocktrail.com,AVAILABILITY,origin.list,origin.list,2022-04-07 05:42:27.583870,6c1b6671525ce33018ac5557
exceptions.coinbase.com,AVAILABILITY,origin.list,origin.list,2022-04-07 05:42:33.865384,6c1b6671525ce33018ac5557
exchange.coinbase.com,AVAILABILITY,origin.list,origin.list,2022-04-07 05:42:41.012370,6c1b6671525ce33018ac5557
explorer.paccoin.net,AVAILABILITY,origin.list,origin.list,2022-04-07 05:42:41.499906,6c1b6671525ce33018ac5557
exchange.blocktrail.com,AVAILABILITY,origin.list,origin.list,2022-04-07 05:42:44.055141,6c1b6671525ce33018ac5557
explorer.burstpay.io,AVAILABILITY,origin.list,origin.list,2022-04-07 05:42:45.685493,6c1b6671525ce33018ac5557
faucet.evergreencoin.org,AVAILABILITY,origin.list,origin.list,2022-04-07 05:42:58.250464,6c1b6671525ce33018ac5557
explorer.tokenview.com,AVAILABILITY,origin.list,origin.list,2022-04-07 05:43:00.877757,6c1b6671525ce33018ac5557
explorer.vinchain.io,AVAILABILITY,origin.list,origin.list,2022-04-07 05:43:01.515493,6c1b6671525ce33018ac5557
fantom.tokenview.com,AVAILABILITY,origin.list,origin.list,2022-04-07 05:43:02.628786,6c1b6671525ce33018ac5557
feedback.coinmama.com,AVAILABILITY,origin.list,origin.list,2022-04-07 05:43:14.526073,6c1b6671525ce33018ac5557
fic.tokenview.com,AVAILABILITY,origin.list,origin.list,2022-04-07 05:43:23.580924,6c1b6671525ce33018ac5557
faucethub.io,AVAILABILITY,origin.list,origin.list,2022-04-07 05:43:24.341476,6c1b6671525ce33018ac5557
files.a-ads.com,AVAILABILITY,origin.list,origin.list,2022-04-07 05:43:25.312637,6c1b6671525ce33018ac5557
fil.tokenview.com,AVAILABILITY,origin.list,origin.list,2022-04-07 05:43:27.050150,6c1b6671525ce33018ac5557
files.cointraffic.io,AVAILABILITY,origin.list,origin.list,2022-04-07 05:43:37.142685,6c1b6671525ce33018ac5557
fix.exchange.coinbase.com,AVAILABILITY,origin.list,origin.list,2022-04-07 05:43:44.181068,6c1b6671525ce33018ac5557
flendblast._domainkey.blocktrail.com,AVAILABILITY,origin.list,origin.list,2022-04-07 05:43:47.998430,6c1b6671525ce33018ac5557
fix.prime.coinbase.com,AVAILABILITY,origin.list,origin.list,2022-04-07 05:43:49.666230,6c1b6671525ce33018ac5557
fix.pro.coinbase.com,AVAILABILITY,origin.list,origin.list,2022-04-07 05:43:55.561494,6c1b6671525ce33018ac5557
flo.cash,AVAILABILITY,origin.list,origin.list,2022-04-07 05:43:56.918955,6c1b6671525ce33018ac5557
forum.flo.cash,AVAILABILITY,origin.list,origin.list,2022-04-07 05:44:07.494566,6c1b6671525ce33018ac5557
flo.tokenview.com,AVAILABILITY,origin.list,origin.list,2022-04-07 05:44:07.555147,6c1b6671525ce33018ac5557
forminerpro.com,AVAILABILITY,origin.list,origin.list,2022-04-07 05:44:08.976365,6c1b6671525ce33018ac5557
fr.blocktrail.com,AVAILABILITY,origin.list,origin.list,2022-04-07 05:44:18.036183,6c1b6671525ce33018ac5557
forum.tokenview.com,AVAILABILITY,origin.list,origin.list,2022-04-07 05:44:18.130149,6c1b6671525ce33018ac5557
ftp2.blocktrail.com,AVAILABILITY,origin.list,origin.list,2022-04-07 05:44:20.861402,6c1b6671525ce33018ac5557
frontline.leaders.10xbitcoin.com,AVAILABILITY,origin.list,origin.list,2022-04-07 05:44:29.268838,6c1b6671525ce33018ac5557
ftc.tokenview.com,AVAILABILITY,origin.list,origin.list,2022-04-07 05:44:29.484004,6c1b6671525ce33018ac5557
ftp.chiadecentral.com,AVAILABILITY,origin.list,origin.list,2022-04-07 05:44:31.783766,6c1b6671525ce33018ac5557
ftp.binance.com,AVAILABILITY,origin.list,origin.list,2022-04-07 05:44:39.600922,6c1b6671525ce33018ac5557
ftp.flo.cash,AVAILABILITY,origin.list,origin.list,2022-04-07 05:44:42.340659,6c1b6671525ce33018ac5557
ftp.inwemo.com,AVAILABILITY,origin.list,origin.list,2022-04-07 05:44:43.399784,6c1b6671525ce33018ac5557
ftp.mellowads.com,AVAILABILITY,origin.list,origin.list,2022-04-07 05:44:43.659477,6c1b6671525ce33018ac5557
ftp.gameofbitcoins.com,AVAILABILITY,origin.list,origin.list,2022-04-07 05:44:48.322046,6c1b6671525ce33018ac5557
ftp.quadrigacx.com,AVAILABILITY,origin.list,origin.list,2022-04-07 05:44:56.713271,6c1b6671525ce33018ac5557
gameofbitcoins.com,AVAILABILITY,origin.list,origin.list,2022-04-07 05:44:58.841711,6c1b6671525ce33018ac5557
ga.blocktrail.com,AVAILABILITY,origin.list,origin.list,2022-04-07 05:44:59.864677,6c1b6671525ce33018ac5557
game.blocktrail.com,AVAILABILITY,origin.list,origin.list,2022-04-07 05:45:01.799317,6c1b6671525ce33018ac5557
game.tokenview.com,AVAILABILITY,origin.list,origin.list,2022-04-07 05:45:06.083834,6c1b6671525ce33018ac5557
garden.blocktrail.com,AVAILABILITY,origin.list,origin.list,2022-04-07 05:45:06.978733,6c1b6671525ce33018ac5557
gateway.blocktrail.com,AVAILABILITY,origin.list,origin.list,2022-04-07 05:45:09.733504,6c1b6671525ce33018ac5557
gate.blocktrail.com,AVAILABILITY,origin.list,origin.list,2022-04-07 05:45:10.069515,6c1b6671525ce33018ac5557
gb.blocktrail.com,AVAILABILITY,origin.list,origin.list,2022-04-07 05:45:13.380785,6c1b6671525ce33018ac5557
gbiz.blocktrail.com,AVAILABILITY,origin.list,origin.list,2022-04-07 05:45:17.638307,6c1b6671525ce33018ac5557
gbx.blocktrail.com,AVAILABILITY,origin.list,origin.list,2022-04-07 05:45:18.194876,6c1b6671525ce33018ac5557
gbz.blocktrail.com,AVAILABILITY,origin.list,origin.list,2022-04-07 05:45:19.599304,6c1b6671525ce33018ac5557
gd.blocktrail.com,AVAILABILITY,origin.list,origin.list,2022-04-07 05:45:22.303657,6c1b6671525ce33018ac5557
gdc.blocktrail.com,AVAILABILITY,origin.list,origin.list,2022-04-07 05:45:23.128647,6c1b6671525ce33018ac5557
gitlab.tokenview.com,AVAILABILITY,origin.list,origin.list,2022-04-07 05:45:28.710578,6c1b6671525ce33018ac5557
getmonero.org,AVAILABILITY,origin.list,origin.list,2022-04-07 05:45:28.970927,6c1b6671525ce33018ac5557
glapdooy._domainkey.blocktrail.com,AVAILABILITY,origin.list,origin.list,2022-04-07 05:45:31.516640,6c1b6671525ce33018ac5557
gin.tokenview.com,AVAILABILITY,origin.list,origin.list,2022-04-07 05:45:31.641969,6c1b6671525ce33018ac5557
glass.rosebird.org,AVAILABILITY,origin.list,origin.list,2022-04-07 05:45:32.716268,6c1b6671525ce33018ac5557
global.binance.com,AVAILABILITY,origin.list,origin.list,2022-04-07 05:45:40.455789,6c1b6671525ce33018ac5557
go.coinmama.com,AVAILABILITY,origin.list,origin.list,2022-04-07 05:45:41.014411,6c1b6671525ce33018ac5557
go.cur.lv,AVAILABILITY,origin.list,origin.list,2022-04-07 05:45:42.515771,6c1b6671525ce33018ac5557
grft.tokenview.com,AVAILABILITY,origin.list,origin.list,2022-04-07 05:45:43.266047,6c1b6671525ce33018ac5557
graphql.bixin.im,AVAILABILITY,origin.list,origin.list,2022-04-07 05:45:45.881833,6c1b6671525ce33018ac5557
grin.tokenview.com,AVAILABILITY,origin.list,origin.list,2022-04-07 05:45:48.997502,6c1b6671525ce33018ac5557
grs.tokenview.com,AVAILABILITY,origin.list,origin.list,2022-04-07 05:45:50.005701,6c1b6671525ce33018ac5557
gw.blocktrail.com,AVAILABILITY,origin.list,origin.list,2022-04-07 05:45:53.134488,6c1b6671525ce33018ac5557
gw.tokenview.com,AVAILABILITY,origin.list,origin.list,2022-04-07 05:45:54.954064,6c1b6671525ce33018ac5557
hashcoin.io,AVAILABILITY,origin.list,origin.list,2022-04-07 05:45:58.224844,6c1b6671525ce33018ac5557
hashcoins.com,AVAILABILITY,origin.list,origin.list,2022-04-07 05:45:59.245634,6c1b6671525ce33018ac5557
hashcoins.ru,AVAILABILITY,origin.list,origin.list,2022-04-07 05:46:03.138590,6c1b6671525ce33018ac5557
haja.rosebird.org,AVAILABILITY,origin.list,origin.list,2022-04-07 05:46:06.279090,6c1b6671525ce33018ac5557
hashgains.com,AVAILABILITY,origin.list,origin.list,2022-04-07 05:46:06.879500,6c1b6671525ce33018ac5557
hc.tokenview.com,AVAILABILITY,origin.list,origin.list,2022-04-07 05:46:07.648702,6c1b6671525ce33018ac5557
hcp.blocktrail.com,AVAILABILITY,origin.list,origin.list,2022-04-07 05:46:09.362686,6c1b6671525ce33018ac5557
heco.tokenview.com,AVAILABILITY,origin.list,origin.list,2022-04-07 05:46:13.702400,6c1b6671525ce33018ac5557
help.coinbase.com,AVAILABILITY,origin.list,origin.list,2022-04-07 05:46:17.657697,6c1b6671525ce33018ac5557
hedera_hashgraph.tokenview.com,AVAILABILITY,origin.list,origin.list,2022-04-07 05:46:17.838055,6c1b6671525ce33018ac5557
help-dev.coinbase.com,AVAILABILITY,origin.list,origin.list,2022-04-07 05:46:24.613419,6c1b6671525ce33018ac5557
help.bitpay.com,AVAILABILITY,origin.list,origin.list,2022-04-07 05:46:25.206506,6c1b6671525ce33018ac5557
help-staging.coinbase.com,AVAILABILITY,origin.list,origin.list,2022-04-07 05:46:27.434212,6c1b6671525ce33018ac5557
hermes.blocktrail.com,AVAILABILITY,origin.list,origin.list,2022-04-07 05:46:27.453346,6c1b6671525ce33018ac5557
helpdesk.bitfinex.com,AVAILABILITY,origin.list,origin.list,2022-04-07 05:46:27.973098,6c1b6671525ce33018ac5557
hobskeng._domainkey.blocktrail.com,AVAILABILITY,origin.list,origin.list,2022-04-07 05:46:34.282874,6c1b6671525ce33018ac5557
hi.m.bithumb.com,AVAILABILITY,origin.list,origin.list,2022-04-07 05:46:34.452571,6c1b6671525ce33018ac5557
hitbtc.com,AVAILABILITY,origin.list,origin.list,2022-04-07 05:46:36.614248,6c1b6671525ce33018ac5557
hi.bithumb.com,AVAILABILITY,origin.list,origin.list,2022-04-07 05:46:37.351186,6c1b6671525ce33018ac5557
home.blocktrail.com,AVAILABILITY,origin.list,origin.list,2022-04-07 05:46:40.168996,6c1b6671525ce33018ac5557
host.blocktrail.com,AVAILABILITY,origin.list,origin.list,2022-04-07 05:46:43.115140,6c1b6671525ce33018ac5557
httpswww.blocktrail.com,AVAILABILITY,origin.list,origin.list,2022-04-07 05:46:45.210389,6c1b6671525ce33018ac5557
httpwww.blocktrail.com,AVAILABILITY,origin.list,origin.list,2022-04-07 05:46:46.929511,6c1b6671525ce33018ac5557
hu-hu.blocktrail.com,AVAILABILITY,origin.list,origin.list,2022-04-07 05:46:46.960293,6c1b6671525ce33018ac5557
ico.icerockmining.io,AVAILABILITY,origin.list,origin.list,2022-04-07 05:46:53.015630,6c1b6671525ce33018ac5557
icx.tokenview.com,AVAILABILITY,origin.list,origin.list,2022-04-07 05:46:55.885714,6c1b6671525ce33018ac5557
image.blocktrail.com,AVAILABILITY,origin.list,origin.list,2022-04-07 05:46:57.793108,6c1b6671525ce33018ac5557
images.coinbase.com,AVAILABILITY,origin.list,origin.list,2022-04-07 05:46:58.161341,6c1b6671525ce33018ac5557
icerockmining.io,AVAILABILITY,origin.list,origin.list,2022-04-07 05:46:59.172733,6c1b6671525ce33018ac5557
imap.blocktrail.com,AVAILABILITY,origin.list,origin.list,2022-04-07 05:47:03.183209,6c1b6671525ce33018ac5557
insight.bitpay.com,AVAILABILITY,origin.list,origin.list,2022-04-07 05:47:08.462820,6c1b6671525ce33018ac5557
index.bithumb.com,AVAILABILITY,origin.list,origin.list,2022-04-07 05:47:09.017011,6c1b6671525ce33018ac5557
in.cur.lv,AVAILABILITY,origin.list,origin.list,2022-04-07 05:47:10.766456,6c1b6671525ce33018ac5557
institutional.coinbase.com,AVAILABILITY,origin.list,origin.list,2022-04-07 05:47:13.530276,6c1b6671525ce33018ac5557
img.btc2.tokenview.com,AVAILABILITY,origin.list,origin.list,2022-04-07 05:47:14.274645,6c1b6671525ce33018ac5557
internal.blocktrail.com,AVAILABILITY,origin.list,origin.list,2022-04-07 05:47:18.839853,6c1b6671525ce33018ac5557
inwemo.com,AVAILABILITY,origin.list,origin.list,2022-04-07 05:47:19.394670,6c1b6671525ce33018ac5557
ipc.tokenview.com,AVAILABILITY,origin.list,origin.list,2022-04-07 05:47:24.580811,6c1b6671525ce33018ac5557
iost.tokenview.com,AVAILABILITY,origin.list,origin.list,2022-04-07 05:47:26.963569,6c1b6671525ce33018ac5557
io.bitpay.com,AVAILABILITY,origin.list,origin.list,2022-04-07 05:47:28.153366,6c1b6671525ce33018ac5557
ipe.blocktrail.com,AVAILABILITY,origin.list,origin.list,2022-04-07 05:47:29.824310,6c1b6671525ce33018ac5557
ipfs.tokenview.com,AVAILABILITY,origin.list,origin.list,2022-04-07 05:47:30.923919,6c1b6671525ce33018ac5557
isa.blocktrail.com,AVAILABILITY,origin.list,origin.list,2022-04-07 05:47:35.963706,6c1b6671525ce33018ac5557
is.blocktrail.com,AVAILABILITY,origin.list,origin.list,2022-04-07 05:47:36.772740,6c1b6671525ce33018ac5557
jaxx.io,AVAILABILITY,origin.list,origin.list,2022-04-07 05:47:40.375667,6c1b6671525ce33018ac5557
ja.m.bithumb.com,AVAILABILITY,origin.list,origin.list,2022-04-07 05:47:41.071042,6c1b6671525ce33018ac5557
ja.bithumb.com,AVAILABILITY,origin.list,origin.list,2022-04-07 05:47:41.418313,6c1b6671525ce33018ac5557
jenkins.internal.blocktrail.com,AVAILABILITY,origin.list,origin.list,2022-04-07 05:47:44.839936,6c1b6671525ce33018ac5557
jewelry.blocktrail.com,AVAILABILITY,origin.list,origin.list,2022-04-07 05:47:45.950863,6c1b6671525ce33018ac5557
joinslack.binance.com,AVAILABILITY,origin.list,origin.list,2022-04-07 05:47:46.923590,6c1b6671525ce33018ac5557
jwallet.network,AVAILABILITY,origin.list,origin.list,2022-04-07 05:47:51.616775,6c1b6671525ce33018ac5557
k.blocktrail.com,AVAILABILITY,origin.list,origin.list,2022-04-07 05:47:52.514303,6c1b6671525ce33018ac5557
jump.cur.lv,AVAILABILITY,origin.list,origin.list,2022-04-07 05:47:52.533480,6c1b6671525ce33018ac5557
kncminer.com,AVAILABILITY,origin.list,origin.list,2022-04-07 05:47:54.779142,6c1b6671525ce33018ac5557
kmd.tokenview.com,AVAILABILITY,origin.list,origin.list,2022-04-07 05:48:02.260133,6c1b6671525ce33018ac5557
kr.binance.com,AVAILABILITY,origin.list,origin.list,2022-04-07 05:48:02.447316,6c1b6671525ce33018ac5557
labs.binance.com,AVAILABILITY,origin.list,origin.list,2022-04-07 05:48:03.596959,6c1b6671525ce33018ac5557
kusama.tokenview.com,AVAILABILITY,origin.list,origin.list,2022-04-07 05:48:07.958136,6c1b6671525ce33018ac5557
launchpad.binance.com,AVAILABILITY,origin.list,origin.list,2022-04-07 05:48:11.256073,6c1b6671525ce33018ac5557
landing.bitpay.com,AVAILABILITY,origin.list,origin.list,2022-04-07 05:48:13.102854,6c1b6671525ce33018ac5557
labs.bitpay.com,AVAILABILITY,origin.list,origin.list,2022-04-07 05:48:15.607018,6c1b6671525ce33018ac5557
lcc.tokenview.com,AVAILABILITY,origin.list,origin.list,2022-04-07 05:48:17.243765,6c1b6671525ce33018ac5557
ledgerwallet.com,AVAILABILITY,origin.list,origin.list,2022-04-07 05:48:22.161678,6c1b6671525ce33018ac5557
legacy.mycrypto.com,AVAILABILITY,origin.list,origin.list,2022-04-07 05:48:24.205495,6c1b6671525ce33018ac5557
lightning.network,AVAILABILITY,origin.list,origin.list,2022-04-07 05:48:24.351684,6c1b6671525ce33018ac5557
lightninginabox.co,AVAILABILITY,origin.list,origin.list,2022-04-07 05:48:27.662847,6c1b6671525ce33018ac5557
lea.tokenview.com,AVAILABILITY,origin.list,origin.list,2022-04-07 05:48:28.088790,6c1b6671525ce33018ac5557
link.cur.lv,AVAILABILITY,origin.list,origin.list,2022-04-07 05:48:30.297301,6c1b6671525ce33018ac5557
listing.coinbase.com,AVAILABILITY,origin.list,origin.list,2022-04-07 05:48:33.918679,6c1b6671525ce33018ac5557
link.tokenview.com,AVAILABILITY,origin.list,origin.list,2022-04-07 05:48:35.278685,6c1b6671525ce33018ac5557
litecoin.com,AVAILABILITY,origin.list,origin.list,2022-04-07 05:48:36.287448,6c1b6671525ce33018ac5557
localhost.quadrigacx.com,AVAILABILITY,origin.list,origin.list,2022-04-07 05:48:36.519664,6c1b6671525ce33018ac5557
locktrip.tokenview.com,AVAILABILITY,origin.list,origin.list,2022-04-07 05:48:40.486789,6c1b6671525ce33018ac5557
login.coinbase.com,AVAILABILITY,origin.list,origin.list,2022-04-07 05:48:41.646142,6c1b6671525ce33018ac5557
londfract._domainkey.blocktrail.com,AVAILABILITY,origin.list,origin.list,2022-04-07 05:48:43.093897,6c1b6671525ce33018ac5557
lp.coinmama.com,AVAILABILITY,origin.list,origin.list,2022-04-07 05:48:45.110667,6c1b6671525ce33018ac5557
lpt.tokenview.com,AVAILABILITY,origin.list,origin.list,2022-04-07 05:48:48.734217,6c1b6671525ce33018ac5557
ltc.tokenview.com,AVAILABILITY,origin.list,origin.list,2022-04-07 05:48:49.926765,6c1b6671525ce33018ac5557
lrc.tokenview.com,AVAILABILITY,origin.list,origin.list,2022-04-07 05:48:51.329301,6c1b6671525ce33018ac5557
ltc-recovery.blocktrail.com,AVAILABILITY,origin.list,origin.list,2022-04-07 05:48:53.190069,6c1b6671525ce33018ac5557
lyncdiscover.btcturk.com,AVAILABILITY,origin.list,origin.list,2022-04-07 05:48:58.919445,6c1b6671525ce33018ac5557
luckybits.io,AVAILABILITY,origin.list,origin.list,2022-04-07 05:48:59.013548,6c1b6671525ce33018ac5557
lux.tokenview.com,AVAILABILITY,origin.list,origin.list,2022-04-07 05:49:00.483156,6c1b6671525ce33018ac5557
lyncdiscover.cryptopia.co.nz,AVAILABILITY,origin.list,origin.list,2022-04-07 05:49:00.557183,6c1b6671525ce33018ac5557
lyncaccess01.tokenview.com,AVAILABILITY,origin.list,origin.list,2022-04-07 05:49:02.321767,6c1b6671525ce33018ac5557
m.blocktrail.com,AVAILABILITY,origin.list,origin.list,2022-04-07 05:49:06.225439,6c1b6671525ce33018ac5557
m.bithumb.com,AVAILABILITY,origin.list,origin.list,2022-04-07 05:49:08.333903,6c1b6671525ce33018ac5557
lyncdiscover.hashgains.com,AVAILABILITY,origin.list,origin.list,2022-04-07 05:49:09.407138,6c1b6671525ce33018ac5557
m.tokenview.com,AVAILABILITY,origin.list,origin.list,2022-04-07 05:49:11.346816,6c1b6671525ce33018ac5557
mail01.blocktrail.com,AVAILABILITY,origin.list,origin.list,2022-04-07 05:49:12.320732,6c1b6671525ce33018ac5557
mail02.blocktrail.com,AVAILABILITY,origin.list,origin.list,2022-04-07 05:49:17.099577,6c1b6671525ce33018ac5557
mail2.blocktrail.com,AVAILABILITY,origin.list,origin.list,2022-04-07 05:49:17.685542,6c1b6671525ce33018ac5557
mail3.blocktrail.com,AVAILABILITY,origin.list,origin.list,2022-04-07 05:49:18.756489,6c1b6671525ce33018ac5557
mail4.blocktrail.com,AVAILABILITY,origin.list,origin.list,2022-04-07 05:49:21.167044,6c1b6671525ce33018ac5557
mail5.blocktrail.com,AVAILABILITY,origin.list,origin.list,2022-04-07 05:49:22.252162,6c1b6671525ce33018ac5557
mail10.blocktrail.com,AVAILABILITY,origin.list,origin.list,2022-04-07 05:49:26.609260,6c1b6671525ce33018ac5557
mail9.blocktrail.com,AVAILABILITY,origin.list,origin.list,2022-04-07 05:49:28.156569,6c1b6671525ce33018ac5557
mail7.blocktrail.com,AVAILABILITY,origin.list,origin.list,2022-04-07 05:49:28.364311,6c1b6671525ce33018ac5557
mail11.blocktrail.com,AVAILABILITY,origin.list,origin.list,2022-04-07 05:49:30.562278,6c1b6671525ce33018ac5557
mail11.tokenview.com,AVAILABILITY,origin.list,origin.list,2022-04-07 05:49:32.198035,6c1b6671525ce33018ac5557
mail12.blocktrail.com,AVAILABILITY,origin.list,origin.list,2022-04-07 05:49:35.661031,6c1b6671525ce33018ac5557
mail.10xbitcoin.com,AVAILABILITY,origin.list,origin.list,2022-04-07 05:49:36.801138,6c1b6671525ce33018ac5557
mail.blocktrail.com,AVAILABILITY,origin.list,origin.list,2022-04-07 05:49:36.916328,6c1b6671525ce33018ac5557
mail.burstpay.io,AVAILABILITY,origin.list,origin.list,2022-04-07 05:49:38.885951,6c1b6671525ce33018ac5557
mail.chiadecentral.com,AVAILABILITY,origin.list,origin.list,2022-04-07 05:49:39.707037,6c1b6671525ce33018ac5557
mail.coinbase.com,AVAILABILITY,origin.list,origin.list,2022-04-07 05:49:41.371833,6c1b6671525ce33018ac5557
mailer.blocktrail.com,AVAILABILITY,origin.list,origin.list,2022-04-07 05:49:44.888464,6c1b6671525ce33018ac5557
mail.flo.cash,AVAILABILITY,origin.list,origin.list,2022-04-07 05:49:45.393430,6c1b6671525ce33018ac5557
mailbox.blocktrail.com,AVAILABILITY,origin.list,origin.list,2022-04-07 05:49:46.614661,6c1b6671525ce33018ac5557
mailhost.blocktrail.com,AVAILABILITY,origin.list,origin.list,2022-04-07 05:49:47.726051,6c1b6671525ce33018ac5557
mailgate.blocktrail.com,AVAILABILITY,origin.list,origin.list,2022-04-07 05:49:47.867730,6c1b6671525ce33018ac5557
mailin.blocktrail.com,AVAILABILITY,origin.list,origin.list,2022-04-07 05:49:51.338280,6c1b6671525ce33018ac5557
mailrelay.blocktrail.com,AVAILABILITY,origin.list,origin.list,2022-04-07 05:49:52.163781,6c1b6671525ce33018ac5557
mails.blocktrail.com,AVAILABILITY,origin.list,origin.list,2022-04-07 05:49:52.809600,6c1b6671525ce33018ac5557
mailserver.blocktrail.com,AVAILABILITY,origin.list,origin.list,2022-04-07 05:49:52.958636,6c1b6671525ce33018ac5557
mailsrv.blocktrail.com,AVAILABILITY,origin.list,origin.list,2022-04-07 05:49:57.621798,6c1b6671525ce33018ac5557
maker.tokenview.com,AVAILABILITY,origin.list,origin.list,2022-04-07 05:49:57.866519,6c1b6671525ce33018ac5557
mam.blocktrail.com,AVAILABILITY,origin.list,origin.list,2022-04-07 05:49:59.099536,6c1b6671525ce33018ac5557
mailx.blocktrail.com,AVAILABILITY,origin.list,origin.list,2022-04-07 05:50:00.435874,6c1b6671525ce33018ac5557
mana.tokenview.com,AVAILABILITY,origin.list,origin.list,2022-04-07 05:50:03.006187,6c1b6671525ce33018ac5557
masternode.paccoin.net,AVAILABILITY,origin.list,origin.list,2022-04-07 05:50:06.967443,6c1b6671525ce33018ac5557
market.tokenview.com,AVAILABILITY,origin.list,origin.list,2022-04-07 05:50:07.172407,6c1b6671525ce33018ac5557
masternodes4everyone.com,AVAILABILITY,origin.list,origin.list,2022-04-07 05:50:08.307585,6c1b6671525ce33018ac5557
masternode-agent.com,AVAILABILITY,origin.list,origin.list,2022-04-07 05:50:08.716213,6c1b6671525ce33018ac5557
mbox.blocktrail.com,AVAILABILITY,origin.list,origin.list,2022-04-07 05:50:12.543019,6c1b6671525ce33018ac5557
mebzoh._domainkey.blocktrail.com,AVAILABILITY,origin.list,origin.list,2022-04-07 05:50:13.366717,6c1b6671525ce33018ac5557
md.blocktrail.com,AVAILABILITY,origin.list,origin.list,2022-04-07 05:50:15.187561,6c1b6671525ce33018ac5557
me.cur.lv,AVAILABILITY,origin.list,origin.list,2022-04-07 05:50:17.177751,6c1b6671525ce33018ac5557
mellowads.com,AVAILABILITY,origin.list,origin.list,2022-04-07 05:50:17.817056,6c1b6671525ce33018ac5557
message.bithumb.com,AVAILABILITY,origin.list,origin.list,2022-04-07 05:50:20.943418,6c1b6671525ce33018ac5557
merchant.bithumb.com,AVAILABILITY,origin.list,origin.list,2022-04-07 05:50:22.877402,6c1b6671525ce33018ac5557
metrics.tokenview.com,AVAILABILITY,origin.list,origin.list,2022-04-07 05:50:23.923341,6c1b6671525ce33018ac5557
miner.hosting,AVAILABILITY,origin.list,origin.list,2022-04-07 05:50:26.577615,6c1b6671525ce33018ac5557
meta.tokenview.com,AVAILABILITY,origin.list,origin.list,2022-04-07 05:50:27.538910,6c1b6671525ce33018ac5557
mining-rig.de,AVAILABILITY,origin.list,origin.list,2022-04-07 05:50:29.622246,6c1b6671525ce33018ac5557
minerboard.com,AVAILABILITY,origin.list,origin.list,2022-04-07 05:50:32.106195,6c1b6671525ce33018ac5557
mineshop.eu,AVAILABILITY,origin.list,origin.list,2022-04-07 05:50:32.556848,6c1b6671525ce33018ac5557
mobile-update.bithumb.com,AVAILABILITY,origin.list,origin.list,2022-04-07 05:50:40.263707,6c1b6671525ce33018ac5557
mkr.tokenview.com,AVAILABILITY,origin.list,origin.list,2022-04-07 05:50:45.653242,6c1b6671525ce33018ac5557
mod.blocktrail.com,AVAILABILITY,origin.list,origin.list,2022-04-07 05:50:46.780961,6c1b6671525ce33018ac5557
miot.tokenview.com,AVAILABILITY,origin.list,origin.list,2022-04-07 05:50:47.543875,6c1b6671525ce33018ac5557
mlm.tokenview.com,AVAILABILITY,origin.list,origin.list,2022-04-07 05:50:47.986260,6c1b6671525ce33018ac5557
mnx.tokenview.com,AVAILABILITY,origin.list,origin.list,2022-04-07 05:50:50.012006,6c1b6671525ce33018ac5557
monero-miner.000webhostapp.com,AVAILABILITY,origin.list,origin.list,2022-04-07 05:50:53.907717,6c1b6671525ce33018ac5557
mpco.blocktrail.com,AVAILABILITY,origin.list,origin.list,2022-04-07 05:50:59.439148,6c1b6671525ce33018ac5557
ms1.blocktrail.com,AVAILABILITY,origin.list,origin.list,2022-04-07 05:51:02.949948,6c1b6671525ce33018ac5557
mona.tokenview.com,AVAILABILITY,origin.list,origin.list,2022-04-07 05:51:05.362850,6c1b6671525ce33018ac5557
ms.blocktrail.com,AVAILABILITY,origin.list,origin.list,2022-04-07 05:51:07.621178,6c1b6671525ce33018ac5557
movies.rosebird.org,AVAILABILITY,origin.list,origin.list,2022-04-07 05:51:08.121010,6c1b6671525ce33018ac5557
monitorig.com,AVAILABILITY,origin.list,origin.list,2022-04-07 05:51:08.956705,6c1b6671525ce33018ac5557
mssqlext.blocktrail.com,AVAILABILITY,origin.list,origin.list,2022-04-07 05:51:11.965023,6c1b6671525ce33018ac5557
mta1.blocktrail.com,AVAILABILITY,origin.list,origin.list,2022-04-07 05:51:13.946319,6c1b6671525ce33018ac5557
mta82.a.hashgains.com,AVAILABILITY,origin.list,origin.list,2022-04-07 05:51:16.384177,6c1b6671525ce33018ac5557
mta83.a.hashgains.com,AVAILABILITY,origin.list,origin.list,2022-04-07 05:51:18.539728,6c1b6671525ce33018ac5557
mta84.a.hashgains.com,AVAILABILITY,origin.list,origin.list,2022-04-07 05:51:20.766640,6c1b6671525ce33018ac5557
mta85.a.hashgains.com,AVAILABILITY,origin.list,origin.list,2022-04-07 05:51:20.841501,6c1b6671525ce33018ac5557
mta86.a.hashgains.com,AVAILABILITY,origin.list,origin.list,2022-04-07 05:51:26.162098,6c1b6671525ce33018ac5557
mta87.a.hashgains.com,AVAILABILITY,origin.list,origin.list,2022-04-07 05:51:26.464898,6c1b6671525ce33018ac5557
mta88.a.hashgains.com,AVAILABILITY,origin.list,origin.list,2022-04-07 05:51:27.915158,6c1b6671525ce33018ac5557
mta90.a.hashgains.com,AVAILABILITY,origin.list,origin.list,2022-04-07 05:51:28.741693,6c1b6671525ce33018ac5557
mta89.a.hashgains.com,AVAILABILITY,origin.list,origin.list,2022-04-07 05:51:29.570483,6c1b6671525ce33018ac5557
mta.blocktrail.com,AVAILABILITY,origin.list,origin.list,2022-04-07 05:51:32.877955,6c1b6671525ce33018ac5557
mta91.a.hashgains.com,AVAILABILITY,origin.list,origin.list,2022-04-07 05:51:33.774367,6c1b6671525ce33018ac5557
multipoolminer.io,AVAILABILITY,origin.list,origin.list,2022-04-07 05:51:34.717316,6c1b6671525ce33018ac5557
music.tokenview.com,AVAILABILITY,origin.list,origin.list,2022-04-07 05:51:37.525321,6c1b6671525ce33018ac5557
mx0.blocktrail.com,AVAILABILITY,origin.list,origin.list,2022-04-07 05:51:37.762369,6c1b6671525ce33018ac5557
mx01.blocktrail.com,AVAILABILITY,origin.list,origin.list,2022-04-07 05:51:41.682648,6c1b6671525ce33018ac5557
mx2.blocktrail.com,AVAILABILITY,origin.list,origin.list,2022-04-07 05:51:43.187698,6c1b6671525ce33018ac5557
mx1.blocktrail.com,AVAILABILITY,origin.list,origin.list,2022-04-07 05:51:45.397691,6c1b6671525ce33018ac5557
mx3.blocktrail.com,AVAILABILITY,origin.list,origin.list,2022-04-07 05:51:48.118887,6c1b6671525ce33018ac5557
mx4.blocktrail.com,AVAILABILITY,origin.list,origin.list,2022-04-07 05:51:50.114341,6c1b6671525ce33018ac5557
mx5.blocktrail.com,AVAILABILITY,origin.list,origin.list,2022-04-07 05:51:50.499930,6c1b6671525ce33018ac5557
mx5.tokenview.com,AVAILABILITY,origin.list,origin.list,2022-04-07 05:51:53.755950,6c1b6671525ce33018ac5557
mx10.blocktrail.com,AVAILABILITY,origin.list,origin.list,2022-04-07 05:51:55.004613,6c1b6671525ce33018ac5557
mx20.blocktrail.com,AVAILABILITY,origin.list,origin.list,2022-04-07 05:51:58.727892,6c1b6671525ce33018ac5557
mx.blocktrail.com,AVAILABILITY,origin.list,origin.list,2022-04-07 05:51:59.223474,6c1b6671525ce33018ac5557
mxs.blocktrail.com,AVAILABILITY,origin.list,origin.list,2022-04-07 05:52:02.097765,6c1b6671525ce33018ac5557
mx.tokenview.com,AVAILABILITY,origin.list,origin.list,2022-04-07 05:52:02.217861,6c1b6671525ce33018ac5557
my.cur.lv,AVAILABILITY,origin.list,origin.list,2022-04-07 05:52:03.404342,6c1b6671525ce33018ac5557
mycrypto.com,AVAILABILITY,origin.list,origin.list,2022-04-07 05:52:05.252404,6c1b6671525ce33018ac5557
my.ledgerwallet.com,AVAILABILITY,origin.list,origin.list,2022-04-07 05:52:07.724295,6c1b6671525ce33018ac5557
myetherwallet.com,AVAILABILITY,origin.list,origin.list,2022-04-07 05:52:12.300171,6c1b6671525ce33018ac5557
mymonero.com,AVAILABILITY,origin.list,origin.list,2022-04-07 05:52:13.267866,6c1b6671525ce33018ac5557
n.cur.lv,AVAILABILITY,origin.list,origin.list,2022-04-07 05:52:15.178137,6c1b6671525ce33018ac5557
name.cur.lv,AVAILABILITY,origin.list,origin.list,2022-04-07 05:52:19.220040,6c1b6671525ce33018ac5557
myip.blocktrail.com,AVAILABILITY,origin.list,origin.list,2022-04-07 05:52:20.605499,6c1b6671525ce33018ac5557
nao.tokenview.com,AVAILABILITY,origin.list,origin.list,2022-04-07 05:52:26.685836,6c1b6671525ce33018ac5557
nav.tokenview.com,AVAILABILITY,origin.list,origin.list,2022-04-07 05:52:26.706410,6c1b6671525ce33018ac5557
nas.tokenview.com,AVAILABILITY,origin.list,origin.list,2022-04-07 05:52:27.390048,6c1b6671525ce33018ac5557
nd.blocktrail.com,AVAILABILITY,origin.list,origin.list,2022-04-07 05:52:27.646990,6c1b6671525ce33018ac5557
nebl.tokenview.com,AVAILABILITY,origin.list,origin.list,2022-04-07 05:52:31.162274,6c1b6671525ce33018ac5557
neo.tokenview.com,AVAILABILITY,origin.list,origin.list,2022-04-07 05:52:35.612908,6c1b6671525ce33018ac5557
network.flo.cash,AVAILABILITY,origin.list,origin.list,2022-04-07 05:52:38.050289,6c1b6671525ce33018ac5557
nexus.rosebird.org,AVAILABILITY,origin.list,origin.list,2022-04-07 05:52:38.186856,6c1b6671525ce33018ac5557
newmail.blocktrail.com,AVAILABILITY,origin.list,origin.list,2022-04-07 05:52:38.463006,6c1b6671525ce33018ac5557
nexus_mutual.tokenview.com,AVAILABILITY,origin.list,origin.list,2022-04-07 05:52:39.008429,6c1b6671525ce33018ac5557
nmr.tokenview.com,AVAILABILITY,origin.list,origin.list,2022-04-07 05:52:47.636708,6c1b6671525ce33018ac5557
nix.tokenview.com,AVAILABILITY,origin.list,origin.list,2022-04-07 05:52:48.648900,6c1b6671525ce33018ac5557
node.jwallet.network,AVAILABILITY,origin.list,origin.list,2022-04-07 05:52:48.661448,6c1b6671525ce33018ac5557
nlg.tokenview.com,AVAILABILITY,origin.list,origin.list,2022-04-07 05:52:49.290160,6c1b6671525ce33018ac5557
nmc.tokenview.com,AVAILABILITY,origin.list,origin.list,2022-04-07 05:52:49.748104,6c1b6671525ce33018ac5557
node.vinchain.io,AVAILABILITY,origin.list,origin.list,2022-04-07 05:52:56.432326,6c1b6671525ce33018ac5557
notepad.blocktrail.com,AVAILABILITY,origin.list,origin.list,2022-04-07 05:52:57.834657,6c1b6671525ce33018ac5557
np.blocktrail.com,AVAILABILITY,origin.list,origin.list,2022-04-07 05:52:58.687624,6c1b6671525ce33018ac5557
ns2.blocktrail.com,AVAILABILITY,origin.list,origin.list,2022-04-07 05:53:00.268724,6c1b6671525ce33018ac5557
nrg.tokenview.com,AVAILABILITY,origin.list,origin.list,2022-04-07 05:53:01.628185,6c1b6671525ce33018ac5557
ns.blocktrail.com,AVAILABILITY,origin.list,origin.list,2022-04-07 05:53:05.292984,6c1b6671525ce33018ac5557
ns.tokenview.com,AVAILABILITY,origin.list,origin.list,2022-04-07 05:53:09.235500,6c1b6671525ce33018ac5557
nstatic1.blocktrail.com,AVAILABILITY,origin.list,origin.list,2022-04-07 05:53:09.953118,6c1b6671525ce33018ac5557
nvc.tokenview.com,AVAILABILITY,origin.list,origin.list,2022-04-07 05:53:11.497180,6c1b6671525ce33018ac5557
numus.tokenview.com,AVAILABILITY,origin.list,origin.list,2022-04-07 05:53:11.554885,6c1b6671525ce33018ac5557
old-wallet.trezor.io,AVAILABILITY,origin.list,origin.list,2022-04-07 05:53:17.410094,6c1b6671525ce33018ac5557
ont.tokenview.com,AVAILABILITY,origin.list,origin.list,2022-04-07 05:53:18.946017,6c1b6671525ce33018ac5557
onion.tokenview.com,AVAILABILITY,origin.list,origin.list,2022-04-07 05:53:19.394357,6c1b6671525ce33018ac5557
omg.tokenview.com,AVAILABILITY,origin.list,origin.list,2022-04-07 05:53:21.352163,6c1b6671525ce33018ac5557
o1.email.bitpay.com,AVAILABILITY,origin.list,origin.list,2022-04-07 05:53:22.926809,6c1b6671525ce33018ac5557
oracolxor.io,AVAILABILITY,origin.list,origin.list,2022-04-07 05:53:26.581581,6c1b6671525ce33018ac5557
orders.whattomine.com,AVAILABILITY,origin.list,origin.list,2022-04-07 05:53:27.393488,6c1b6671525ce33018ac5557
out.blocktrail.com,AVAILABILITY,origin.list,origin.list,2022-04-07 05:53:28.377608,6c1b6671525ce33018ac5557
outmail.blocktrail.com,AVAILABILITY,origin.list,origin.list,2022-04-07 05:53:30.012234,6c1b6671525ce33018ac5557
owa.blocktrail.com,AVAILABILITY,origin.list,origin.list,2022-04-07 05:53:33.195048,6c1b6671525ce33018ac5557
overflow.mycrypto.com,AVAILABILITY,origin.list,origin.list,2022-04-07 05:53:33.701605,6c1b6671525ce33018ac5557
ows.blocktrail.com,AVAILABILITY,origin.list,origin.list,2022-04-07 05:53:35.248264,6c1b6671525ce33018ac5557
p2pool.in,AVAILABILITY,origin.list,origin.list,2022-04-07 05:53:37.719863,6c1b6671525ce33018ac5557
paccoin.net,AVAILABILITY,origin.list,origin.list,2022-04-07 05:53:39.757736,6c1b6671525ce33018ac5557
pangolinminer.com,AVAILABILITY,origin.list,origin.list,2022-04-07 05:53:41.047644,6c1b6671525ce33018ac5557
pandaminer.co,AVAILABILITY,origin.list,origin.list,2022-04-07 05:53:41.636468,6c1b6671525ce33018ac5557
patches.blocktrail.com,AVAILABILITY,origin.list,origin.list,2022-04-07 05:53:47.127048,6c1b6671525ce33018ac5557
payments.vinchain.io,AVAILABILITY,origin.list,origin.list,2022-04-07 05:53:49.060127,6c1b6671525ce33018ac5557
pc17.blocktrail.com,AVAILABILITY,origin.list,origin.list,2022-04-07 05:53:55.243548,6c1b6671525ce33018ac5557
pbrand.blocktrail.com,AVAILABILITY,origin.list,origin.list,2022-04-07 05:53:55.882939,6c1b6671525ce33018ac5557
part.tokenview.com,AVAILABILITY,origin.list,origin.list,2022-04-07 05:53:56.669878,6c1b6671525ce33018ac5557
pax.tokenview.com,AVAILABILITY,origin.list,origin.list,2022-04-07 05:54:00.378329,6c1b6671525ce33018ac5557
pasc.tokenview.com,AVAILABILITY,origin.list,origin.list,2022-04-07 05:54:00.401222,6c1b6671525ce33018ac5557
pg-relay.bithumb.com,AVAILABILITY,origin.list,origin.list,2022-04-07 05:54:06.214412,6c1b6671525ce33018ac5557
peatcoin.tokenview.com,AVAILABILITY,origin.list,origin.list,2022-04-07 05:54:06.238882,6c1b6671525ce33018ac5557
peerhash.com,AVAILABILITY,origin.list,origin.list,2022-04-07 05:54:07.366480,6c1b6671525ce33018ac5557
pi.ada.tokenview.com,AVAILABILITY,origin.list,origin.list,2022-04-07 05:54:08.716441,6c1b6671525ce33018ac5557
phr.tokenview.com,AVAILABILITY,origin.list,origin.list,2022-04-07 05:54:11.937776,6c1b6671525ce33018ac5557
pi.tokenview.com,AVAILABILITY,origin.list,origin.list,2022-04-07 05:54:15.649932,6c1b6671525ce33018ac5557
po.blocktrail.com,AVAILABILITY,origin.list,origin.list,2022-04-07 05:54:15.784625,6c1b6671525ce33018ac5557
pivx.tokenview.com,AVAILABILITY,origin.list,origin.list,2022-04-07 05:54:16.179077,6c1b6671525ce33018ac5557
poczta.blocktrail.com,AVAILABILITY,origin.list,origin.list,2022-04-07 05:54:20.293725,6c1b6671525ce33018ac5557
polkadot.tokenview.com,AVAILABILITY,origin.list,origin.list,2022-04-07 05:54:27.433826,6c1b6671525ce33018ac5557
po.tokenview.com,AVAILABILITY,origin.list,origin.list,2022-04-07 05:54:27.455336,6c1b6671525ce33018ac5557
pop3.ada.tokenview.com,AVAILABILITY,origin.list,origin.list,2022-04-07 05:54:27.459434,6c1b6671525ce33018ac5557
polygon.tokenview.com,AVAILABILITY,origin.list,origin.list,2022-04-07 05:54:27.481608,6c1b6671525ce33018ac5557
pop3.blocktrail.com,AVAILABILITY,origin.list,origin.list,2022-04-07 05:54:30.178172,6c1b6671525ce33018ac5557
pop.blocktrail.com,AVAILABILITY,origin.list,origin.list,2022-04-07 05:54:33.811401,6c1b6671525ce33018ac5557
posta.blocktrail.com,AVAILABILITY,origin.list,origin.list,2022-04-07 05:54:35.797427,6c1b6671525ce33018ac5557
pop.tokenview.com,AVAILABILITY,origin.list,origin.list,2022-04-07 05:54:37.464416,6c1b6671525ce33018ac5557
ppc.tokenview.com,AVAILABILITY,origin.list,origin.list,2022-04-07 05:54:37.980474,6c1b6671525ce33018ac5557
ppp9.ada.tokenview.com,AVAILABILITY,origin.list,origin.list,2022-04-07 05:54:43.202052,6c1b6671525ce33018ac5557
portal.coinbase.com,AVAILABILITY,origin.list,origin.list,2022-04-07 05:54:43.406563,6c1b6671525ce33018ac5557
prawhuv._domainkey.blocktrail.com,AVAILABILITY,origin.list,origin.list,2022-04-07 05:54:45.530273,6c1b6671525ce33018ac5557
ppp10.ada.tokenview.com,AVAILABILITY,origin.list,origin.list,2022-04-07 05:54:45.998438,6c1b6671525ce33018ac5557
preorder.trezor.io,AVAILABILITY,origin.list,origin.list,2022-04-07 05:54:49.620447,6c1b6671525ce33018ac5557
pricing.jaxx.io,AVAILABILITY,origin.list,origin.list,2022-04-07 05:54:50.758510,6c1b6671525ce33018ac5557
prime.blocktrail.com,AVAILABILITY,origin.list,origin.list,2022-04-07 05:54:51.250322,6c1b6671525ce33018ac5557
prime.coinbase.com,AVAILABILITY,origin.list,origin.list,2022-04-07 05:54:52.007146,6c1b6671525ce33018ac5557
privacy.coinmama.com,AVAILABILITY,origin.list,origin.list,2022-04-07 05:54:52.014173,6c1b6671525ce33018ac5557
pro.coinbase.com,AVAILABILITY,origin.list,origin.list,2022-04-07 05:54:55.578996,6c1b6671525ce33018ac5557
pubapi.bithumb.com,AVAILABILITY,origin.list,origin.list,2022-04-07 05:54:59.718206,6c1b6671525ce33018ac5557
pt.ada.tokenview.com,AVAILABILITY,origin.list,origin.list,2022-04-07 05:55:01.087749,6c1b6671525ce33018ac5557
profitez.blocktrail.com,AVAILABILITY,origin.list,origin.list,2022-04-07 05:55:01.188828,6c1b6671525ce33018ac5557
public.sandbox.pro.coinbase.com,AVAILABILITY,origin.list,origin.list,2022-04-07 05:55:03.370676,6c1b6671525ce33018ac5557
quality.vinchain.io,AVAILABILITY,origin.list,origin.list,2022-04-07 05:55:09.104045,6c1b6671525ce33018ac5557
qtum.tokenview.com,AVAILABILITY,origin.list,origin.list,2022-04-07 05:55:09.424236,6c1b6671525ce33018ac5557
public.sandbox.exchange.coinbase.com,AVAILABILITY,origin.list,origin.list,2022-04-07 05:55:10.267349,6c1b6671525ce33018ac5557
quiz8.blocktrail.com,AVAILABILITY,origin.list,origin.list,2022-04-07 05:55:11.592206,6c1b6671525ce33018ac5557
quadrigacx.com,AVAILABILITY,origin.list,origin.list,2022-04-07 05:55:12.480537,6c1b6671525ce33018ac5557
r4.bithumb.com,AVAILABILITY,origin.list,origin.list,2022-04-07 05:55:17.277955,6c1b6671525ce33018ac5557
r1.bithumb.com,AVAILABILITY,origin.list,origin.list,2022-04-07 05:55:17.400846,6c1b6671525ce33018ac5557
r3.bithumb.com,AVAILABILITY,origin.list,origin.list,2022-04-07 05:55:19.901405,6c1b6671525ce33018ac5557
r2.bithumb.com,AVAILABILITY,origin.list,origin.list,2022-04-07 05:55:20.915860,6c1b6671525ce33018ac5557
r5.bithumb.com,AVAILABILITY,origin.list,origin.list,2022-04-07 05:55:22.343963,6c1b6671525ce33018ac5557
ramsys.rosebird.org,AVAILABILITY,origin.list,origin.list,2022-04-07 05:55:26.255087,6c1b6671525ce33018ac5557
ra.ada.tokenview.com,AVAILABILITY,origin.list,origin.list,2022-04-07 05:55:29.224371,6c1b6671525ce33018ac5557
rbminer.net,AVAILABILITY,origin.list,origin.list,2022-04-07 05:55:30.741903,6c1b6671525ce33018ac5557
rcce.rosebird.org,AVAILABILITY,origin.list,origin.list,2022-04-07 05:55:32.074635,6c1b6671525ce33018ac5557
recovery.blocktrail.com,AVAILABILITY,origin.list,origin.list,2022-04-07 05:55:33.727617,6c1b6671525ce33018ac5557
rdd.tokenview.com,AVAILABILITY,origin.list,origin.list,2022-04-07 05:55:34.653565,6c1b6671525ce33018ac5557
recovery-backend.blocktrail.com,AVAILABILITY,origin.list,origin.list,2022-04-07 05:55:38.045039,6c1b6671525ce33018ac5557
registry.ada.tokenview.com,AVAILABILITY,origin.list,origin.list,2022-04-07 05:55:40.417077,6c1b6671525ce33018ac5557
relay1.blocktrail.com,AVAILABILITY,origin.list,origin.list,2022-04-07 05:55:42.261471,6c1b6671525ce33018ac5557
regtest-controls.btc.btccom-autotest.blocktrail.com,AVAILABILITY,origin.list,origin.list,2022-04-07 05:55:43.387338,6c1b6671525ce33018ac5557
relay2.blocktrail.com,AVAILABILITY,origin.list,origin.list,2022-04-07 05:55:44.761195,6c1b6671525ce33018ac5557
relay4.blocktrail.com,AVAILABILITY,origin.list,origin.list,2022-04-07 05:55:47.451010,6c1b6671525ce33018ac5557
relay.blocktrail.com,AVAILABILITY,origin.list,origin.list,2022-04-07 05:55:49.599377,6c1b6671525ce33018ac5557
resource2.binance.com,AVAILABILITY,origin.list,origin.list,2022-04-07 05:55:51.079539,6c1b6671525ce33018ac5557
remote.blocktrail.com,AVAILABILITY,origin.list,origin.list,2022-04-07 05:55:51.703592,6c1b6671525ce33018ac5557
renbtc.tokenview.com,AVAILABILITY,origin.list,origin.list,2022-04-07 05:55:53.895466,6c1b6671525ce33018ac5557
resource.binance.com,AVAILABILITY,origin.list,origin.list,2022-04-07 05:55:55.908447,6c1b6671525ce33018ac5557
restore.coinbase.com,AVAILABILITY,origin.list,origin.list,2022-04-07 05:55:57.201766,6c1b6671525ce33018ac5557
ripple.com,AVAILABILITY,origin.list,origin.list,2022-04-07 05:55:59.078573,6c1b6671525ce33018ac5557
rockwall.investments,AVAILABILITY,origin.list,origin.list,2022-04-07 05:56:02.625396,6c1b6671525ce33018ac5557
rosebird.org,AVAILABILITY,origin.list,origin.list,2022-04-07 05:56:05.968167,6c1b6671525ce33018ac5557
router.ada.tokenview.com,AVAILABILITY,origin.list,origin.list,2022-04-07 05:56:07.997005,6c1b6671525ce33018ac5557
rp.tokenview.com,AVAILABILITY,origin.list,origin.list,2022-04-07 05:56:08.765214,6c1b6671525ce33018ac5557
return.bithumb.com,AVAILABILITY,origin.list,origin.list,2022-04-07 05:56:09.833259,6c1b6671525ce33018ac5557
rpeth.tokenview.com,AVAILABILITY,origin.list,origin.list,2022-04-07 05:56:14.973131,6c1b6671525ce33018ac5557
rtr.blocktrail.com,AVAILABILITY,origin.list,origin.list,2022-04-07 05:56:16.163525,6c1b6671525ce33018ac5557
russia.blocktrail.com,AVAILABILITY,origin.list,origin.list,2022-04-07 05:56:18.188528,6c1b6671525ce33018ac5557
ruby.rosebird.org,AVAILABILITY,origin.list,origin.list,2022-04-07 05:56:21.299675,6c1b6671525ce33018ac5557
s01.blocktrail.com,AVAILABILITY,origin.list,origin.list,2022-04-07 05:56:24.261115,6c1b6671525ce33018ac5557
safelinkconverter.com,AVAILABILITY,origin.list,origin.list,2022-04-07 05:56:26.333443,6c1b6671525ce33018ac5557
rvn.tokenview.com,AVAILABILITY,origin.list,origin.list,2022-04-07 05:56:26.669262,6c1b6671525ce33018ac5557
ryo.tokenview.com,AVAILABILITY,origin.list,origin.list,2022-04-07 05:56:27.424372,6c1b6671525ce33018ac5557
safetyreport.blocktrail.com,AVAILABILITY,origin.list,origin.list,2022-04-07 05:56:32.024308,6c1b6671525ce33018ac5557
sam.ada.tokenview.com,AVAILABILITY,origin.list,origin.list,2022-04-07 05:56:33.199193,6c1b6671525ce33018ac5557
sandbox.prime.coinbase.com,AVAILABILITY,origin.list,origin.list,2022-04-07 05:56:34.347551,6c1b6671525ce33018ac5557
sandbox.pro.coinbase.com,AVAILABILITY,origin.list,origin.list,2022-04-07 05:56:34.810962,6c1b6671525ce33018ac5557
sandbox.exchange.coinbase.com,AVAILABILITY,origin.list,origin.list,2022-04-07 05:56:36.640175,6c1b6671525ce33018ac5557
secret.blocktrail.com,AVAILABILITY,origin.list,origin.list,2022-04-07 05:56:43.012962,6c1b6671525ce33018ac5557
search.rosebird.org,AVAILABILITY,origin.list,origin.list,2022-04-07 05:56:44.359714,6c1b6671525ce33018ac5557
secure.blocktrail.com,AVAILABILITY,origin.list,origin.list,2022-04-07 05:56:47.008872,6c1b6671525ce33018ac5557
scc.tokenview.com,AVAILABILITY,origin.list,origin.list,2022-04-07 05:56:50.181757,6c1b6671525ce33018ac5557
securemail.blocktrail.com,AVAILABILITY,origin.list,origin.list,2022-04-07 05:56:51.229051,6c1b6671525ce33018ac5557
seed1.emercoin.com,AVAILABILITY,origin.list,origin.list,2022-04-07 05:56:51.892879,6c1b6671525ce33018ac5557
sc.tokenview.com,AVAILABILITY,origin.list,origin.list,2022-04-07 05:56:53.638768,6c1b6671525ce33018ac5557
seed2.emercoin.com,AVAILABILITY,origin.list,origin.list,2022-04-07 05:56:58.576995,6c1b6671525ce33018ac5557
seed.blocktrail.com,AVAILABILITY,origin.list,origin.list,2022-04-07 05:56:59.261273,6c1b6671525ce33018ac5557
seed.emercoin.com,AVAILABILITY,origin.list,origin.list,2022-04-07 05:57:00.619330,6c1b6671525ce33018ac5557
secured.ada.tokenview.com,AVAILABILITY,origin.list,origin.list,2022-04-07 05:57:00.954144,6c1b6671525ce33018ac5557
selfx1.typeform.com,AVAILABILITY,origin.list,origin.list,2022-04-07 05:57:07.044399,6c1b6671525ce33018ac5557
server1.blocktrail.com,AVAILABILITY,origin.list,origin.list,2022-04-07 05:57:07.919180,6c1b6671525ce33018ac5557
send.blocktrail.com,AVAILABILITY,origin.list,origin.list,2022-04-07 05:57:08.531020,6c1b6671525ce33018ac5557
server2.blocktrail.com,AVAILABILITY,origin.list,origin.list,2022-04-07 05:57:09.291136,6c1b6671525ce33018ac5557
segwit.flo.cash,AVAILABILITY,origin.list,origin.list,2022-04-07 05:57:12.367937,6c1b6671525ce33018ac5557
server.blocktrail.com,AVAILABILITY,origin.list,origin.list,2022-04-07 05:57:14.079165,6c1b6671525ce33018ac5557
servers.blocktrail.com,AVAILABILITY,origin.list,origin.list,2022-04-07 05:57:15.515960,6c1b6671525ce33018ac5557
service.tokenview.com,AVAILABILITY,origin.list,origin.list,2022-04-07 05:57:17.279749,6c1b6671525ce33018ac5557
services.tokenview.com,AVAILABILITY,origin.list,origin.list,2022-04-07 05:57:18.080207,6c1b6671525ce33018ac5557
sftp.binance.com,AVAILABILITY,origin.list,origin.list,2022-04-07 05:57:19.839862,6c1b6671525ce33018ac5557
sessions.coinbase.com,AVAILABILITY,origin.list,origin.list,2022-04-07 05:57:20.836128,6c1b6671525ce33018ac5557
shapeshift.io,AVAILABILITY,origin.list,origin.list,2022-04-07 05:57:22.470147,6c1b6671525ce33018ac5557
sheyren._domainkey.blocktrail.com,AVAILABILITY,origin.list,origin.list,2022-04-07 05:57:24.059141,6c1b6671525ce33018ac5557
shop.chiadecentral.com,AVAILABILITY,origin.list,origin.list,2022-04-07 05:57:26.648704,6c1b6671525ce33018ac5557
shop.simplemining.net,AVAILABILITY,origin.list,origin.list,2022-04-07 05:57:27.205693,6c1b6671525ce33018ac5557
shop.trezor.io,AVAILABILITY,origin.list,origin.list,2022-04-07 05:57:30.485415,6c1b6671525ce33018ac5557
si.ada.tokenview.com,AVAILABILITY,origin.list,origin.list,2022-04-07 05:57:30.608467,6c1b6671525ce33018ac5557
sign.tokenview.com,AVAILABILITY,origin.list,origin.list,2022-04-07 05:57:31.036767,6c1b6671525ce33018ac5557
simplemining.net,AVAILABILITY,origin.list,origin.list,2022-04-07 05:57:35.252883,6c1b6671525ce33018ac5557
skeyfeng._domainkey.blocktrail.com,AVAILABILITY,origin.list,origin.list,2022-04-07 05:57:35.384679,6c1b6671525ce33018ac5557
sls.tokenview.com,AVAILABILITY,origin.list,origin.list,2022-04-07 05:57:38.068975,6c1b6671525ce33018ac5557
sm.ada.tokenview.com,AVAILABILITY,origin.list,origin.list,2022-04-07 05:57:40.040895,6c1b6671525ce33018ac5557
smart.tokenview.com,AVAILABILITY,origin.list,origin.list,2022-04-07 05:57:40.423209,6c1b6671525ce33018ac5557
smtp1.blocktrail.com,AVAILABILITY,origin.list,origin.list,2022-04-07 05:57:42.610417,6c1b6671525ce33018ac5557
